"";"site";"subregion";"plot_id";"plot";"state";"state_id";"municipality";"mun_id";"year";"prim_veg_infys";"sec_veg_infys";"veg_inegi";"veg_inegi_id";"latitude";"longitude";"altitude";"aspect";"northness";"eastness";"slope";"precip";"temp";"ai";"epiphytes";"tree_no";"tree_density";"loreys_height";"tree_height";"basal_area_ha";"agb_plot";"agb_sd";"av_agb_plot";"agb_plot_ha";"agb_sd_ha";"agb_se_ha";"shannon";"t_shannon";"sp_richness_plot";"agriculture";"grazing";"logging";"builtup";"other_dist";"str_class_plots"
"1";"64985";"Huautla_Zongolica";"64985_1";1;"Veracruz de Ignacio de la Llave";30;"Texhuacan";171;2013;"BQP";"VSA";"BOSQUE MESOFILO DE MONTANA";"VSaa/BM";18,6155555555556;-97,021416;1582;137,69554;0,860504716770229;-0,509442472136146;31,590395;1691;18,8041667938232;11145;"Present";40;1000;14,9562940412312;10,8375;38,5452327141679;10,5007354464994;1,20015982328874;0,256115498695106;262,518386162484;30,0039955822185;4,74404824727202;1,64274016812426;5,16931491494716;7;0;0;3;0;2;"1"
"2";"64985";"Huautla_Zongolica";"64985_2";2;"Veracruz de Ignacio de la Llave";30;"Texhuacan";171;2013;"BQP";"VSA";"BOSQUE MESOFILO DE MONTANA";"VSaa/BM";18,6159444444444;-97,0213882222222;1582;127,20501;0,0294881951188817;0,999565128617756;28,293537;1691;18,8041667938232;11145;"Present";60;1500;14,5871338855183;11,3783333333333;30,917251615396;10,827972485723;0,737952680799473;0,177507745667589;270,699312143074;18,4488170199868;2,38173203585456;0,845929518888167;2,33014271992445;4;0;0;3;0;2;"1"
"3";"64985";"Huautla_Zongolica";"64985_3";3;"Veracruz de Ignacio de la Llave";30;"Texhuacan";171;2013;"BQP";"VSA";"BOSQUE MESOFILO DE MONTANA";"VSaa/BM";18,6153055555556;-97,0210271111111;1582;195,94061;0,397628560036701;0,917546471980106;26,027613;1691;18,8041667938232;11145;"Present";55;1375;14,3410888237005;11,2872727272727;35,0797927721944;11,7862638894164;0,82868229732917;0,206776559463445;294,65659723541;20,7170574332293;2,79348745442525;1,07051151834725;2,91687115155147;6;0;0;3;0;2;"1"
"4";"64985";"Huautla_Zongolica";"64985_4";4;"Veracruz de Ignacio de la Llave";30;"Texhuacan";171;2013;"BQP";"VSA";"BOSQUE MESOFILO DE MONTANA";"VSaa/BM";18,6153055555556;-97,0217771111111;1582;183,177;0,569724207338273;0,821835949306658;12,105732;1691;18,8041667938232;11145;"Present";14;350;9,80450920175277;8,92857142857143;4,44536405280562;0,569525374368871;0,0807946853106932;0,0355953358980544;14,2381343592218;2,01986713276733;0,539832198401484;1,33373602720281;3,79519588912354;4;0;0;3;0;2;"2"
"5";"64987";"Huautla_Zongolica";"64987_3";3;"Veracruz de Ignacio de la Llave";30;"Zongolica";201;2010;"BM";"VSn";"BOSQUE MESOFILO DE MONTANA";"VSaa/BM";18,6121111111111;-96,9263882222222;1693;159,028;-0,368663645166962;0,929562863249284;24,082212;2116;19,8125;13555;"Present";37;925;7,34958811078146;6,20810810810811;13,9368443994795;1,90377741263484;0,245004339767942;0,0500994055956538;47,5944353158711;6,12510849419855;1,00696163358168;1,11996575215983;3,06474924045349;7;0;0;0;2;2;"1"
"6";"64987";"Huautla_Zongolica";"64987_4";4;"Veracruz de Ignacio de la Llave";30;"Zongolica";201;2010;"BM";"VSn";"BOSQUE MESOFILO DE MONTANA";"VSaa/BM";18,6121111111111;-96,9263882222222;1693;159,028;-0,368663645166962;0,929562863249284;24,082212;2116;19,8125;13555;"Present";22;550;13,8665695827627;8,21818181818182;19,1411698960242;3,64857236087292;0,712217007455931;0,0848505200203006;91,2143090218231;17,8054251863983;3,79612940475634;1,59051577000684;4,90627878730152;6;0;0;0;2;2;"1"
"7";"64987";"Huautla_Zongolica";"64987_1";1;"Veracruz de Ignacio de la Llave";30;"Zongolica";201;2010;"BM";"VSn";"BOSQUE MESOFILO DE MONTANA";"VSaa/BM";18,6121111111111;-96,9263882222222;1693;159,028;-0,368663645166962;0,929562863249284;24,082212;2116;19,8125;13555;"Present";17;425;15,4267425397226;8,83529411764706;18,0467085284422;3,54887993396346;0,699407065360878;0,161312724271067;88,7219983490866;17,485176634022;4,2407782438032;1,63000055916165;5,10387757242855;6;0;0;0;2;2;"1"
"8";"64987";"Huautla_Zongolica";"64987_2";2;"Veracruz de Ignacio de la Llave";30;"Zongolica";201;2010;"BM";"VSn";"BOSQUE MESOFILO DE MONTANA";"VSaa/BM";18,6125277777778;-96,9263604444445;1693;93,618904;0,808689427228051;-0,588235845804696;26,500471;2116;19,8125;13555;"Present";26;650;7,86936204126564;7,26538461538462;13,5906895645209;1,57898293496807;0,233169256818341;0,0607301128833872;39,4745733742017;5,82923142045854;1,1432063370064;1,04278458524279;2,83710618924069;5;0;0;0;2;2;"2"
"9";"65559";"Huautla_Zongolica";"65559_1";1;"Puebla";21;"Eloxochitlan";61;2012;"SAP";"VSA";"BOSQUE MESOFILO DE MONTANA";"VSaa/BM";18,519416;-96,8839718888889;1051;180;-0,598460069057858;-0,80115263573383;38,941208;2341;21,970832824707;14960;"Present";13;325;6,56905741150978;5,83076923076923;3,87178634973976;0,190200799141931;0,0563293555173538;0,0111882823024665;4,75501997854827;1,40823388793384;0,39057380698396;1,20479330969478;3,33606947358487;4;2;0;2;0;2;"2"
"10";"65559";"Huautla_Zongolica";"65559_2";2;"Puebla";21;"Eloxochitlan";61;2012;"SAP";"VSA";"BOSQUE MESOFILO DE MONTANA";"VSaa/BM";18,5197493333333;-96,8839441111111;1051;151,01772;0,975618934071986;0,219471400141893;31,63648;2341;21,970832824707;14960;"Present";12;300;14,2364512992285;10,2333333333333;14,6886687622;2,24708538069962;0,479555495528746;0,160506098621401;56,1771345174904;11,9888873882186;3,46089368043607;1,7045514452673;5,49891854799441;6;2;0;2;0;2;"2"
"11";"65559";"Huautla_Zongolica";"65559_3";3;"Puebla";21;"Eloxochitlan";61;2012;"SAP";"VSA";"BOSQUE MESOFILO DE MONTANA";"VSaa/BM";18,519166;-96,8837496666667;1051;211,40038;-0,610842394670778;-0,791752214315103;33,820366;2341;21,970832824707;14960;"Present";1;25;6,5;6,5;2,073946875;0,138087498893424;0;0,138087498893424;3,4521874723356;0;0;0;1;1;2;0;2;0;2;"2"
"12";"65559";"Huautla_Zongolica";"65559_4";4;"Puebla";21;"Eloxochitlan";61;2012;"SAP";"VSA";"BOSQUE MESOFILO DE MONTANA";"VSaa/BM";18,5191937777778;-96,8842496666667;1051;184,02069;-0,235292751330978;0,971924544998787;29,95282;2341;21,970832824707;14960;"Present";5;125;8,16546194890205;5,42;6,9186673061317;0,941834981734958;0,200616281086051;0,0672739272667827;23,545874543374;5,01540702715128;2,24295820950808;0,950270539233235;2,58640928985893;3;2;0;2;0;2;"2"
"13";"66428";"Huautla_Zongolica";"66428_1";1;"Puebla";21;"Ajalpan";10;2009;"BM";"VSn";"BOSQUE MESOFILO DE MONTANA";"BM";18,3877774444444;-96,9822215555556;2244;221,49315;-0,0108677079826834;0,999940944717838;15,266448;1426;11,091667175293;11710;"Present";15;375;10,1802110815187;8,28;7,63071047859605;1,5324205996266;0,261920348071391;0,0957762874766625;38,310514990665;6,54800870178477;1,69068857685558;1,02851376402485;2,79690588198821;4;0;0;3;0;2;"2"
"14";"66428";"Huautla_Zongolica";"66428_2";2;"Puebla";21;"Ajalpan";10;2009;"BM";"VSn";"BOSQUE MESOFILO DE MONTANA";"BM";18,3881941111111;-96,9821937777778;2244;197,23282;-0,77282404592765;0,634620354256005;12,632094;1426;11,091667175293;11710;"Present";18;450;7,89619548301361;7,98333333333333;3,87380873908533;0,448911701834342;0,0548758807989459;0,0249395389907968;11,2227925458586;1,37189701997365;0,323359228637661;0,973648923197263;2,64758769910591;4;0;0;3;0;2;"2"
"15";"66428";"Huautla_Zongolica";"66428_3";3;"Puebla";21;"Ajalpan";10;2009;"BM";"VSn";"BOSQUE MESOFILO DE MONTANA";"BM";18,3875274444444;-96,9818604444445;2244;270;0,984381950632505;-0,176045946471211;19,773489;1426;11,091667175293;11710;"Present";12;300;6,43441805814968;6,34166666666667;2,01769259438238;0,249175131246727;0,0300022179259027;0,0191673177882098;6,22937828116817;0,750055448147567;0,216522357447571;0,721463686692511;2,05744245895607;3;0;0;3;0;2;"2"
"16";"66428";"Huautla_Zongolica";"66428_4";4;"Puebla";21;"Ajalpan";10;2009;"BM";"VSn";"BOSQUE MESOFILO DE MONTANA";"BM";18,3876107777778;-96,9826382222222;2244;261,694;-0,588325580066113;-0,808624147450391;17,980175;1426;11,091667175293;11710;"Present";8;200;11,3555860242837;10,0625;9,27164742544099;2,14594706334099;0,402200505201117;0,268243382917623;53,6486765835247;10,0550126300279;3,55498380780456;1,08219553003877;2,95115178586752;3;0;0;3;0;2;"2"
"17";"67308";"Huautla_Zongolica";"67308_1";1;"Puebla";21;"Coyomeapan";36;2009;"BPQ";"VSaa";"BOSQUE MESOFILO DE MONTANA";"BM";18,2505555555556;-96,9397218888889;2468;133,53682;-0,0191310552558677;0,999816984615083;25,704617;1853;13,7458333969116;14054;"Present";29;725;10,7495548397557;7,40689655172414;15,1101731601308;2,11020775644523;0,283975910255732;0,0727657847050079;52,7551939111307;7,09939775639331;1,31832506722686;0,83157112259106;2,29692465707245;4;0;0;2;0;2;"1"
"18";"67308";"Huautla_Zongolica";"67308_2";2;"Puebla";21;"Coyomeapan";36;2009;"BQP";"VSaa";"BOSQUE MESOFILO DE MONTANA";"BM";18,2509444444444;-96,9396941111111;2468;98,51918;-0,426833683491893;-0,904330142501477;28,759636;1853;13,7458333969116;14054;"Present";25;625;10,5587370361428;7,392;16,1371625327312;2,55054828070833;0,337630081554722;0,102021931228333;63,7637070177082;8,44075203886806;1,68815040777361;1,189522501388;3,28551200534476;4;0;0;2;0;2;"1"
"19";"67308";"Huautla_Zongolica";"67308_3";3;"Puebla";21;"Coyomeapan";36;2009;"BPQ";"VSaa";"BOSQUE MESOFILO DE MONTANA";"BM";18,2503055555556;-96,9393885555556;2468;138,18556;0,999009292757475;-0,0445020559548645;28,949032;1853;13,7458333969116;14054;"Present";20;500;10,9417745821277;7,695;13,1937577130634;2,08320192393607;0,31102275176325;0,0992000916160033;52,0800480984017;7,77556879408124;1,73867003872917;0,937636962272449;2,55393922743006;3;0;0;2;0;2;"2"
"20";"67308";"Huautla_Zongolica";"67308_4";4;"Puebla";21;"Coyomeapan";36;2009;"BP";"VSn";"BOSQUE MESOFILO DE MONTANA";"BM";18,2503888888889;-96,940083;2468;136,9091;0,247229133239981;-0,968957045321106;29,213125;1853;13,7458333969116;14054;"Present";43;1075;5,70865297652122;5,67209302325581;6,51589438571157;0,554299412261267;0,0426717297624659;0,0115479044221097;13,8574853065317;1,06679324406165;0,162684444559883;0,586042204754303;1,79686270896912;3;0;0;2;0;2;"1"
"21";"67311";"Huautla_Zongolica";"67311_1";1;"Oaxaca";20;"Santa Maria Chilchotla";406;2012;"BM";"VSA";"BOSQUE MESOFILO DE MONTANA";"VSA/BM";18,245583;-96,79774967;1345;25,912569;0,711034652380867;0,703156969042916;18,75357;3204;21,7625007629395;19049;"Present";11;275;7,86719510407099;7,16363636363636;3,829512225;0,510183985943563;0,109852110958802;0,0463803623585057;12,7545996485891;2,74630277397006;0,828041441997356;1,12095039267358;3,06776840287102;4;0;0;0;0;3;"2"
"22";"67311";"Huautla_Zongolica";"67311_2";2;"Oaxaca";20;"Santa Maria Chilchotla";406;2012;"BM";"VSA";"BOSQUE MESOFILO DE MONTANA";"VSA/BM";18,24597189;-96,79774967;1345;9,68715;-0,965777454822638;-0,259372141442189;19,685116;3204;21,7625007629395;19049;"Present";30;750;9,61596341137841;8,44666666666667;18,3461981;3,08476693856688;0,352315437528339;0,0752382180138263;77,1191734641719;8,80788593820847;1,60809260409644;1,45359015169333;4,27844724991723;7;0;0;0;0;3;"1"
"23";"67311";"Huautla_Zongolica";"67311_3";3;"Oaxaca";20;"Santa Maria Chilchotla";406;2012;"BM";"VSA";"BOSQUE MESOFILO DE MONTANA";"VSA/BM";18,24536078;-96,79741633;1345;70,11963;0,536432907996847;0,843942969173893;10,092992;3204;21,7625007629395;19049;"Present";23;575;11,2197017603878;8,16086956521739;18,499095275;3,22248795534673;0,529288992085408;0,103951224366023;80,5621988836681;13,2322248021352;2,75910960128871;1,5826701164974;4,86793643101452;6;0;0;0;0;3;"1"
"24";"67311";"Huautla_Zongolica";"67311_4";4;"Oaxaca";20;"Santa Maria Chilchotla";406;2012;"BM";"VSA";"BOSQUE MESOFILO DE MONTANA";"VSA/BM";18,24541633;-96,79819411;1345;113,3384;0,971084397092126;0,238736452441228;24,767864;3204;21,7625007629395;19049;"Present";2;50;11,1672699561748;11,2;3,855724825;1,05939514303389;0,166668845223222;0,529697571516946;26,4848785758473;4,16672113058054;2,94631676674678;0;1;1;0;0;0;0;3;"2"
"25";"67604";"Huautla_Zongolica";"67604_1";1;"Oaxaca";20;"Santa Maria Chilchotla";406;2010;"BM";"VSA";"BOSQUE MESOFILO DE MONTANA";"VSA/BM";18,20052778;-96,79972189;1550;126,14941;0,884346586254135;0,466830928046395;14,430879;2727;18,970832824707;17300;"Present";52;1300;9,59217571133005;8,26730769230769;26,0302372;3,67752172926413;0,317192177551203;0,0593148666010343;91,9380432316032;7,92980443878009;1,09966601955475;2,10016722759099;8,16753563567989;11;0;0;0;0;3;"1"
"26";"67604";"Huautla_Zongolica";"67604_2";2;"Oaxaca";20;"Santa Maria Chilchotla";406;2010;"BM";"VSA";"BOSQUE MESOFILO DE MONTANA";"VSA/BM";18,20097222;-96,79969411;1550;161,33253;-0,443492550185722;-0,89627805837796;0;2727;18,970832824707;17300;"Present";5;125;6,60947004906262;6,12;1,078157825;0,108800528635085;0,0239047744764192;0,015542932662155;2,72001321587712;0,59761936191048;0,267263503580376;1,05492016798614;2,87174588749259;3;0;0;0;0;3;"2"
"27";"67604";"Huautla_Zongolica";"67604_3";3;"Oaxaca";20;"Santa Maria Chilchotla";406;2010;"BM";"VSA";"BOSQUE MESOFILO DE MONTANA";"VSA/BM";18,20022222;-96,799333;1550;121,40489;-0,438179901604092;0,898887297624251;25,076138;2727;18,970832824707;17300;"Present";18;450;8,93024999911669;7,26666666666667;7,00486475;0,786194748235711;0,147262371635752;0,0413786709597742;19,6548687058928;3,68155929089381;0,867751846643783;1,72493478639771;5,61215502891315;7;0;0;0;0;3;"2"
"28";"67604";"Huautla_Zongolica";"67604_4";4;"Oaxaca";20;"Santa Maria Chilchotla";406;2010;"BM";"VSA";"BOSQUE MESOFILO DE MONTANA";"VSA/BM";18,20033333;-96,80013889;1550;137,7172;0,871336530507141;-0,490685898109756;31,283339;2696;19,0541667938232;17070;"Present";52;1300;12,028718241864;9,09615384615385;30,8141668;5,69427342541798;0,605907458794805;0,101683454025321;142,35683563545;15,1476864698701;2,1006061642988;2,15057309262184;8,58977972623882;11;0;0;0;0;3;"1"
"29";"68399";"Huautla_Zongolica";"68399_1";1;"Oaxaca";20;"Huautepec";40;2010;"BM";"VSaa";"BOSQUE MESOFILO DE MONTANA";"BM";18,06333333;-96,75744444;2319;151,4514;0,793076784492351;0,609121674133561;44,548927;2012;16,2083339691162;13516;"Present";34;850;12,3248559623655;10,7205882352941;22,22508555;5,70228102475635;0,589757715137133;0,121325128186305;142,557025618909;14,7439428784283;2,52856534307243;2,04025718155884;7,69258733610047;9;0;0;3;2;2;"1"
"30";"68399";"Huautla_Zongolica";"68399_2";2;"Oaxaca";20;"Huautepec";40;2010;"BM";"VSaa";"BOSQUE MESOFILO DE MONTANA";"BM";18,06372222;-96,75741667;2319;165,9859;-0,868558250182647;0,495587092285158;32,21243;2012;16,2083339691162;13516;"Present";37;925;14,4119972452854;10,1945945945946;26,78662225;8,16150962738768;1,13285186336497;0,189802549474132;204,037740684692;28,3212965841242;4,6559924776047;1,80473318647008;6,07834944627207;8;0;0;3;2;2;"1"
"31";"68399";"Huautla_Zongolica";"68399_3";3;"Oaxaca";20;"Huautepec";40;2010;"BM";"VSaa";"BOSQUE MESOFILO DE MONTANA";"BM";18,06308333;-96,75711111;2319;198,60289;-0,7759649889862;-0,630775979146041;56,67868;2012;16,2083339691162;13516;"Present";40;1000;11,6613378758304;9,12;27,969880425;5,62909982032809;0,810637300977535;0,110374506280943;140,727495508202;20,2659325244384;3,20432528422556;1,65367282377152;5,22613930963037;7;0;0;3;2;2;"1"
"32";"68399";"Huautla_Zongolica";"68399_4";4;"Oaxaca";20;"Huautepec";40;2010;"BM";"VSaa";"BOSQUE MESOFILO DE MONTANA";"BM";18,06313889;-96,75780556;2319;156,23589;0,664671197028251;-0,747135998223237;46,906063;2012;16,2083339691162;13516;"Present";48;1200;9,96180798234337;9,28958333333333;17,913475825;3,44486730738855;0,255461894090484;0,0675464177919324;86,1216826847138;6,3865473522621;0,921818708255204;1,41878143713227;4,13208216925198;6;0;0;3;2;2;"1"
"33";"68901";"Huautla_Zongolica";"68901_1";1;"Oaxaca";20;"San Andres Teotilalpam";98;2013;"BM";"VSA";"BOSQUE MESOFILO DE MONTANA";"VSaa/BM";17,96947156;-96,66674933;1926;167,51389;-0,532301544020629;-0,846554821753001;12,603405;2616;18,2916660308838;16361;"Present";53;1325;11,5823461421531;9,72452830188679;24,127232625;5,806281701969;0,449091390003238;0,101864591262614;145,157042549225;11,2272847500809;1,54218616488363;1,36615867895119;3,92026274738861;8;0;0;0;0;2;"1"
"34";"68901";"Huautla_Zongolica";"68901_2";2;"Oaxaca";20;"San Andres Teotilalpam";98;2013;"BM";"VSA";"BOSQUE MESOFILO DE MONTANA";"VSaa/BM";17,96986044;-96,66669378;1926;81,67433;0,999974944031318;-0,00707893421084936;12,070875;2616;18,2916660308838;16361;"Present";64;1600;12,2693739510197;9,8359375;27,254577975;7,60077931242091;0,748962563372861;0,105566379339179;190,019482810523;18,7240640843215;2,34050801054019;1,72570459457806;5,6164769750851;12;0;0;0;0;2;"1"
"35";"68901";"Huautla_Zongolica";"68901_3";3;"Oaxaca";20;"San Andres Teotilalpam";98;2013;"BM";"VSA";"BOSQUE MESOFILO DE MONTANA";"VSaa/BM";17,96922156;-96,66633333;1926;135,77945;-0,770630826835762;-0,637281828338476;10,945487;2628;18,0874996185303;16604;"Present";43;1075;19,6217329208572;14,706976744186;51,938122925;19,4125479012837;2,01378295596643;0,404428081276745;485,313697532093;50,3445738991607;7,67747554362618;1,60042671883006;4,95514642760692;8;0;0;0;0;2;"3"
"36";"68901";"Huautla_Zongolica";"68901_4";4;"Oaxaca";20;"San Andres Teotilalpam";98;2013;"BM";"VSA";"BOSQUE MESOFILO DE MONTANA";"VSaa/BM";17,96922156;-96,66711044;1926;140,3867;-0,552888602699207;0,83325517880498;17,120825;2616;18,2916660308838;16361;"Present";41;1025;9,17966074869742;8,54146341463415;12,626325875;1,4760156921913;0,13528682016622;0,0320872976563326;36,9003923047825;3,3821705041555;0,528206290982649;1,39192162799253;4,02257251871862;8;0;0;0;0;2;"1"
"37";"69612";"Ixtlan";"69612_1";1;"Oaxaca";20;"Concepcion Papalo";19;2009;"BM";"VSaa";"BOSQUE MESOFILO DE MONTANA";"BM";17,83891633;-96,81341667;2701;343,29318;-0,652755129709236;-0,757568967578714;15,63592;1102;10,5833330154419;8486;"Present";25;625;14,8720905844287;10,024;16,0311526;2,86583145018493;0,527885836495099;0,130265065917497;71,6457862546231;13,1971459123775;2,63942918247549;1,38562189169543;3,99731102652973;6;0;0;3;2;3;"1"
"38";"69612";"Ixtlan";"69612_2";2;"Oaxaca";20;"Concepcion Papalo";19;2009;"BM";"VSaa";"BOSQUE MESOFILO DE MONTANA";"BM";17,83927744;-96,81327778;2701;340,70135;0,160752394779891;0,986994765727017;28,865631;1102;10,5833330154419;8486;"Present";19;475;22,7648483681228;18,1473684210526;28,45001545;5,47377196453747;1,05892139421152;0,248807816569885;136,844299113437;26,473034855288;6,07333071910685;1,09377044724914;2,98550958419954;4;0;0;3;2;3;"3"
"39";"69612";"Ixtlan";"69612_3";3;"Oaxaca";20;"Concepcion Papalo";19;2009;"BM";"VSaa";"BOSQUE MESOFILO DE MONTANA";"BM";17,83866633;-96,81294444;2701;104,54332;-0,644243611390947;-0,764820350920365;25,325085;1102;10,5833330154419;8486;"Present";13;325;23,4361108823387;18,0846153846154;29,42455975;7,31623963071178;1,40580433742384;0,562787663900906;182,905990767794;35,1451084355959;9,747499272791;1,26585675187274;3,54612958817451;4;0;0;3;2;3;"3"
"40";"69612";"Ixtlan";"69612_4";4;"Oaxaca";20;"Concepcion Papalo";19;2009;"BM";"VSaa";"BOSQUE MESOFILO DE MONTANA";"BM";17,83872189;-96,81369444;2701;176,83302;0,618604175204653;0,78570279013083;17,156902;1102;10,5833330154419;8486;"Present";49;1225;19,5987235017847;13,7591836734694;40,08086685;10,2303670804511;1,23908881657107;0,222399284357633;255,759177011278;30,9772204142766;4,42531720203952;0,904220466975674;2,47000572135602;4;0;0;3;2;3;"3"
"41";"69842";"Ixtlan";"69842_1";1;"Oaxaca";20;"San Juan Tepeuxila";220;2013;"BM";"VSA";"BOSQUE MESOFILO DE MONTANA";"BM";17,79219411;-96,76780489;2413;39,243034;0,0268709351408908;0,999638911229777;17,934668;1121;12,5500001907349;8388;"Present";36;900;12,1139718597912;9,71388888888889;22,3416075;3,91197292866846;0,528595693677908;0,0954139738699624;97,7993232167115;13,2148923419477;2,20248205699128;1,52863055165097;4,61185679613737;6;0;0;0;0;2;"1"
"42";"69842";"Ixtlan";"69842_2";2;"Oaxaca";20;"San Juan Tepeuxila";220;2013;"BM";"VSA";"BOSQUE MESOFILO DE MONTANA";"BM";17,79263856;-96,76780489;2413;151,44203;0,798749356476146;0,601663914099012;16,335716;1121;12,5500001907349;8388;"Present";37;925;10,9130889300598;9,8;19,7178401;3,50417621505801;0,411634960497014;0,0876044053764503;87,6044053764503;10,2908740124254;1,69180926612975;1,47472670841013;4,36984136883175;5;0;0;0;0;2;"1"
"43";"69842";"Ixtlan";"69842_3";3;"Oaxaca";20;"San Juan Tepeuxila";220;2013;"BM";"VSA";"BOSQUE MESOFILO DE MONTANA";"BM";17,79199967;-96,767416;2413;78,659035;-0,992901868699096;-0,118936449979988;26,073694;1121;12,5500001907349;8388;"Present";29;725;12,9273835597078;9,9551724137931;23,2318766;5,66914616124861;0,679037280108085;0,1667395929779;141,728654031215;16,9759320027021;3,15235143411241;1,69957325633892;5,47161191773649;6;0;0;0;0;2;"1"
"44";"69842";"Ixtlan";"69842_4";4;"Oaxaca";20;"San Juan Tepeuxila";220;2013;"BM";"VSA";"BOSQUE MESOFILO DE MONTANA";"BM";17,79199967;-96,76819378;2413;39,243034;0,0268709351408908;0,999638911229777;10,83183;1121;12,5500001907349;8388;"Present";35;875;13,3652557900215;10,3714285714286;29,2065322;7,36526384480346;0,972371157301805;0,210436109851527;184,131596120086;24,3092789325451;4,10901810384456;1,28323029971041;3,60827673522851;5;0;0;0;0;2;"1"
"45";"70072";"Ixtlan";"70072_1";1;"Oaxaca";20;"San Juan Tepeuxila";220;2012;"BQP";"VSA";"BOSQUE MESOFILO DE MONTANA";"BM";17,74527744;-96,72252711;2355;58,474537;-0,347658726794202;0,937621144004248;30,896818;1176;13,8291664123535;8333;"Present";39;975;24,0429045962363;15,4128205128205;58,786058925;17,7773127525408;2,42941658223433;0,423269351250972;444,432818813521;60,7354145558582;9,72544980341619;1,36228594391918;3,90510996879889;5;0;0;0;0;2;"3"
"46";"70072";"Ixtlan";"70072_2";2;"Oaxaca";20;"San Juan Tepeuxila";220;2012;"BQP";"VSA";"BOSQUE MESOFILO DE MONTANA";"BM";17,74569411;-96,72249933;2355;90;-0,44807361612917;0,893996663600558;12,217656;1176;13,8291664123535;8333;"Present";21;525;20,3369850694031;11,9333333333333;20,171583075;6,36990530147108;1,23534528044342;0,289541150066868;159,247632536777;30,8836320110854;6,73936102028382;0,8872422356445;2,42842338893241;4;0;0;0;0;2;"3"
"47";"70072";"Ixtlan";"70072_3";3;"Oaxaca";20;"San Juan Tepeuxila";220;2012;"BQP";"VSA";"BOSQUE MESOFILO DE MONTANA";"BM";17,74502744;-96,722166;2355;226,36508;0,985515498810749;0,169585381456658;31,571188;1176;13,8291664123535;8333;"Present";33;825;18,4653166685666;11,9212121212121;43,4830828;11,8381760949945;1,48840440124057;0,34818164985278;295,954402374863;37,2101100310143;6,47744873205258;1,02428919550777;2,78511508450568;4;0;0;0;0;2;"3"
"48";"70072";"Ixtlan";"70072_4";4;"Oaxaca";20;"San Juan Tepeuxila";220;2012;"BQP";"VSA";"BOSQUE MESOFILO DE MONTANA";"BM";17,74511078;-96,722916;2355;80,33009;0,217719524353103;-0,976011377349393;32,369366;1176;13,8291664123535;8333;"Present";41;1025;26,484834020763;14,8317073170732;49,219087725;17,628071937797;2,61902070840239;0,3832189551695;440,701798444925;65,4755177100596;10,2255579123841;0,893369909228339;2,44334965973605;5;0;0;0;0;2;"3"
"49";"70073";"Ixtlan";"70073_2";2;"Oaxaca";20;"San Juan Quiotepec";214;2013;"BM";"VSA";"BOSQUE MESOFILO DE MONTANA";"VSA/BM";17,74361078;-96,67527711;2115;37,72713;0,999607517117823;0,0280144912775696;21,24939;1426;14,2624998092651;10200;"Present";59;1475;14,0017526929415;10,6542372881356;35,3788325;7,23039193486552;0,983156289725317;0,101836506124866;180,759798371638;24,5789072431329;3,19990116708216;1,24945062408571;3,48842597372896;8;0;0;0;0;2;"1"
"50";"70073";"Ixtlan";"70073_3";3;"Oaxaca";20;"San Juan Quiotepec";214;2013;"BM";"VSA";"BOSQUE MESOFILO DE MONTANA";"VSA/BM";17,74361078;-96,67527711;2115;37,72713;0,999607517117823;0,0280144912775696;21,24939;1426;14,2624998092651;10200;"Present";38;950;21,3512271493882;13,6263157894737;35,176184875;11,9288405100661;2,23174905586747;0,305867705386311;298,221012751653;55,7937263966867;9,05093758625145;1,89589073354663;6,65847669253793;8;0;0;0;0;2;"3"
"51";"70073";"Ixtlan";"70073_4";4;"Oaxaca";20;"San Juan Quiotepec";214;2013;"BM";"VSA";"BOSQUE MESOFILO DE MONTANA";"VSA/BM";17,74361078;-96,67527711;2115;37,72713;0,999607517117823;0,0280144912775696;21,24939;1426;14,2624998092651;10200;"Present";16;400;21,5372393380901;11,89375;22,29668645;5,84058980407479;1,48500471945597;0,324477211337489;146,01474510187;37,1251179863993;9,28127949659982;1,54811552687402;4,70259990417347;6;0;0;0;0;2;"3"
"52";"70073";"Ixtlan";"70073_1";1;"Oaxaca";20;"San Juan Quiotepec";214;2013;"BM";"VSA";"BOSQUE MESOFILO DE MONTANA";"VSA/BM";17,74361078;-96,67527711;2115;37,72713;0,999607517117823;0,0280144912775696;21,24939;1426;14,2624998092651;10200;"Present";25;625;22,7902438037213;11,756;23,64588805;5,78251724398392;1,32963594701509;0,214167305332738;144,562931099598;33,2408986753774;6,64817973507547;1,81120757914157;6,11783073816132;7;0;0;0;0;2;"3"
"53";"70302";"Ixtlan";"70302_1";1;"Oaxaca";20;"San Juan Quiotepec";214;2012;"BM";"VSn";"BOSQUE MESOFILO DE MONTANA";"BM";17,69686078;-96,63005489;1847;180;-0,598460069057858;-0,80115263573383;23,136301;2375;17,5666675567627;14889;"Present";71;1775;18,4817068008952;13,3788732394366;54,4766213;14,0488398337993;1,22004212426102;0,165280468632933;351,220995844983;30,5010531065256;3,61980903824212;0,812286041771175;2,25305267647916;5;0;0;0;0;3;"3"
"54";"70302";"Ixtlan";"70302_2";2;"Oaxaca";20;"San Juan Quiotepec";214;2012;"BM";"VSn";"BOSQUE MESOFILO DE MONTANA";"BM";17,69713856;-96,63002711;1847;189,9206;0,145240001849786;0,989396453330349;18,225435;2375;17,5666675567627;14889;"Present";23;575;15,7906041460108;8,39130434782609;18,0852688;2,92925918537044;0,627453242004782;0,122052466057102;73,2314796342611;15,6863310501195;3,27082612762097;1,45170037909046;4,27036959239341;5;0;0;0;0;3;"1"
"55";"70302";"Ixtlan";"70302_3";3;"Oaxaca";20;"San Juan Quiotepec";214;2012;"BM";"VSn";"BOSQUE MESOFILO DE MONTANA";"BM";17,69663856;-96,62974933;1847;259,49783;-0,311181569850489;0,950350477763538;22,257307;2375;17,5666675567627;14889;"Present";104;2600;10,6616467499528;8,8625;37,807251425;7,41016572864509;0,361820622200916;0,0692538853144401;185,254143216127;9,04551555502289;0,886985775491708;0,995568567656046;2,7062625973183;4;0;0;0;0;3;"1"
"56";"70302";"Ixtlan";"70302_4";4;"Oaxaca";20;"San Juan Quiotepec";214;2012;"BM";"VSn";"BOSQUE MESOFILO DE MONTANA";"BM";17,69669411;-96,63044378;1847;233,17648;0,76572814164529;0,64316437486264;27,811974;2375;17,5666675567627;14889;"Present";91;2275;11,411535728454;9,72637362637363;35,8646627;6,92501115811028;0,373308718722767;0,0665866457510604;173,125278952757;9,33271796806919;0,978334673132912;0,942221507502294;2,56567475781258;6;0;0;0;0;3;"1"
"57";"70531";"Ixtlan";"70531_1";1;"Oaxaca";20;"San Felipe Usila";136;2012;"BM";"VSn";"BOSQUE MESOFILO DE MONTANA";"BM";17,648333;-96,53747189;2330;255,42404;-0,577580138179108;-0,816333990460402;16,478369;1466;13,4624996185303;10543;"Present";44;1100;15,0075459344086;11,4295454545455;40,428798275;7,68474783646194;0,907220600149382;0,153694956729239;192,118695911548;22,6805150037346;3,41921628724607;0,546803791229166;1,72772202318507;3;0;0;0;0;2;"1"
"58";"70531";"Ixtlan";"70531_2";2;"Oaxaca";20;"San Felipe Usila";136;2012;"BM";"VSn";"BOSQUE MESOFILO DE MONTANA";"BM";17,64874967;-96,53747189;2330;248,12682;-0,998260026436829;0,0589654103550733;19,78664;1466;13,4624996185303;10543;"Present";5;125;13,8297825127936;13,14;5,5321415;1,14656437773845;0,233035010181133;0,114656437773845;28,6641094434612;5,82587525452834;2,60541061951185;0,450561208866305;1,5691925832142;2;0;0;0;0;2;"2"
"59";"70531";"Ixtlan";"70531_3";3;"Oaxaca";20;"San Felipe Usila";136;2012;"BM";"VSn";"BOSQUE MESOFILO DE MONTANA";"BM";17,648083;-96,53716633;2330;24,436031;0,76695737352341;-0,641698049863075;16,546503;1466;13,4624996185303;10543;"Present";67;1675;14,0197343388228;11,5716417910448;49,74234715;7,79441501902206;0,64585978429161;0,0906327327793263;194,860375475552;16,1464946072902;1,97260827447473;0,401797116572344;1,49450809099157;3;0;0;0;0;2;"1"
"60";"70531";"Ixtlan";"70531_4";4;"Oaxaca";20;"San Felipe Usila";136;2012;"BM";"VSn";"BOSQUE MESOFILO DE MONTANA";"BM";17,64816633;-96,53791633;2330;162,1144;0,316823273498531;-0,948484587839821;17,096203;1466;13,4624996185303;10543;"Present";8;200;16,5767101394826;15,5875;11,600947;2,69463182816201;0,553553968730061;0,299403536462445;67,3657957040502;13,8388492182515;4,89277206302191;0,376770161256437;1,45756926498109;2;0;0;0;0;2;"2"
"61";"70980";"Ixtlan";"70980_1";1;"Oaxaca";20;"San Juan Bautista Atatlahuca";175;2009;"BM";"VSn";"BOSQUE MESOFILO DE MONTANA";"BM";17,56472222;-96,729416;2573;308,8152;0,590498489506217;0,807038743735935;22,978725;1026;11,8458337783813;7405;"Present";20;500;11,9969824577155;7,27;22,074805825;5,1477168952625;1,04524337254851;0,233987131602841;128,692922381563;26,1310843137128;5,84308808512403;1,44063004711159;4,22335589210326;5;0;0;2;0;1;"1"
"62";"70980";"Ixtlan";"70980_2";2;"Oaxaca";20;"San Juan Bautista Atatlahuca";175;2009;"BM";"VSn";"BOSQUE MESOFILO DE MONTANA";"BM";17,56513889;-96,72936044;2573;212,93723;0,770564195786005;-0,637362393127071;31,868177;1026;11,8458337783813;7405;"Present";34;850;7,67724008521848;6,75;12,351652025;2,41466564437248;0,156990165865967;0,068990446982071;60,3666411093121;3,92475414664917;0,673089783182527;1,4952047618535;4,4602497483564;5;0;0;2;0;1;"1"
"63";"70980";"Ixtlan";"70980_3";3;"Oaxaca";20;"San Juan Bautista Atatlahuca";175;2009;"BM";"VSn";"BOSQUE MESOFILO DE MONTANA";"BM";17,56441667;-96,72902711;2573;107,64476;0,67442566035339;0,738342758247749;33,25653;1026;11,8458337783813;7405;"Present";32;800;12,158455914038;8,259375;23,836104275;5,35004183482366;0,616468785909156;0,162122479843141;133,751045870591;15,4117196477289;2,72443286816376;1,49482724323099;4,45856623881342;6;0;0;2;0;1;"1"
"64";"70980";"Ixtlan";"70980_4";4;"Oaxaca";20;"San Juan Bautista Atatlahuca";175;2009;"BM";"VSn";"BOSQUE MESOFILO DE MONTANA";"BM";17,56480556;-96,72983267;2573;313,63425;0,865316243400706;-0,5012262951072;20,020172;1026;11,8458337783813;7405;"Present";17;425;11,624874356331;10,3176470588235;21,954971125;6,05601114610593;0,687592892385943;0,318737428742418;151,400278652648;17,1898223096486;4,16914429813412;0,868719682914265;2,38385680626801;3;0;0;2;0;1;"1"
"65";"71424";"Ixtlan";"71424_1";1;"Oaxaca";20;"Ixtlan de Juarez";42;2012;"BM";"VSn";"BOSQUE MESOFILO DE MONTANA";"BM";17,46241667;-96,40366667;2695;214,93575;0,260313391949742;0,965524177828613;17,951443;1324;11,8625001907349;9523;"Present";22;550;23,9124401562378;14,5636363636364;34,4850687;10,2924623546651;1,64830051991437;0,44749836324631;257,311558866628;41,2075129978591;8,7854712903767;1,11051289342178;3,0359150960724;4;0;0;0;0;2;"3"
"66";"71424";"Ixtlan";"71424_2";2;"Oaxaca";20;"Ixtlan de Juarez";42;2012;"BM";"VSn";"BOSQUE MESOFILO DE MONTANA";"BM";17,46280556;-96,40361111;2695;91,6075;-0,876952297820017;-0,480577431168164;16,24506;1324;11,8625001907349;9523;"Present";33;825;25,3625400035202;14,4151515151515;47,215243225;15,906983588543;2,21240959427469;0,46785245848656;397,674589713576;55,3102398568672;9,62827690463085;0,66520426463993;1,94488775256178;2;0;0;0;0;2;"3"
"67";"71424";"Ixtlan";"71424_3";3;"Oaxaca";20;"Ixtlan de Juarez";42;2012;"BM";"VSn";"BOSQUE MESOFILO DE MONTANA";"BM";17,46219444;-96,40330556;2695;21,699526;-0,95777863533985;0,287506670681804;31,54022;1324;11,8625001907349;9523;"Present";36;900;22,8736660217032;15,7972222222222;58,2898164;17,1356468579886;2,24076745473171;0,463125590756448;428,391171449715;56,0191863682928;9,33653106138214;0,454943753468177;1,57608473124085;4;0;0;0;0;2;"3"
"68";"71424";"Ixtlan";"71424_4";4;"Oaxaca";20;"Ixtlan de Juarez";42;2012;"BM";"VSn";"BOSQUE MESOFILO DE MONTANA";"BM";17,46230556;-96,40405556;2695;191,83568;-0,980357931353331;-0,197226586525798;27,497171;1324;11,8625001907349;9523;"Present";44;1100;27,5255813591003;13,7181818181818;64,334648075;22,9887685072446;3,0112697167705;0,499755837114014;574,719212681116;75,2817429192624;11,3491497648722;1,10476762483843;3,01852295754285;4;0;0;0;0;2;"3"
"69";"71643";"Sierra Mixe";"71643_1";1;"Oaxaca";20;"San Juan Yatzona";223;2010;"BM";"VSA";"BOSQUE MESOFILO DE MONTANA";"VSA/BM";17,40836111;-96,17027711;1363;18,31693;0,861476606425334;-0,507797259328849;29,129274;2827;19,7999992370605;16963;"Present";12;300;13,7455783182032;9,26666666666667;7,31515665;1,54026775170504;0,371578834966897;0,110019125121789;38,5066937926261;9,28947087417244;2,68163925491632;1,28605733687438;3,61849190017895;4;0;0;0;3;2;"2"
"70";"71643";"Sierra Mixe";"71643_2";2;"Oaxaca";20;"San Juan Yatzona";223;2010;"BM";"VSA";"BOSQUE MESOFILO DE MONTANA";"VSA/BM";17,40875;-96,17024933;1363;142,4502;-0,472623813848216;-0,881264279648033;25,408476;2827;19,7999992370605;16963;"Present";24;600;12,1054701068085;8,4375;11,97672135;2,41055786958155;0,281963242190454;0,0831226851579844;60,2639467395387;7,04908105476134;1,43888764497376;1,0538790239062;2,86875754218168;4;0;0;0;3;2;"2"
"71";"71643";"Sierra Mixe";"71643_3";3;"Oaxaca";20;"San Juan Yatzona";223;2010;"BM";"VSA";"BOSQUE MESOFILO DE MONTANA";"VSA/BM";17,40811111;-96,16999933;1363;187,65059;0,663754308173156;-0,747950679110311;24,014305;2760;20,6833343505859;16292;"Present";12;300;9,92163065543909;8,7;8,40611675;0,526959373649129;0,164177439557766;0,0376399552606521;13,1739843412282;4,10443598894414;1,18484861154424;1,47350238508065;4,36449454388689;5;0;0;0;3;2;"2"
"72";"71643";"Sierra Mixe";"71643_4";4;"Oaxaca";20;"San Juan Yatzona";223;2010;"BM";"VSA";"BOSQUE MESOFILO DE MONTANA";"VSA/BM";17,40813889;-96,17072156;1363;354,38705;-0,817971835958628;0,575258268587659;25,727575;2760;20,6833343505859;16292;"Present";17;425;11,450402749854;6,69411764705882;9,195208175;1,72269940714607;0,428248018567579;0,101335259243887;43,0674851786518;10,7062004641895;2,59663502134647;1,76231471083667;5,8259070894373;7;0;0;0;3;2;"2"
"73";"71851";"Ixtlan";"71851_1";1;"Oaxaca";20;"Ixtlan de Juarez";42;2012;"BM";"VSn";"BOSQUE MESOFILO DE MONTANA";"BM";17,37413822;-96,45436111;2730;291,98956;-0,984101046459499;0,177609488365117;13,330574;1172;11,2124996185303;8487;"Present";33;825;19,977022684409;11,9909090909091;43,79880685;13,3434794600345;2,16322581301209;0,333586986500861;333,586986500861;54,0806453253024;9,4142319708001;1,30526402813353;3,68866287592075;5;0;0;0;0;4;"3"
"74";"71851";"Ixtlan";"71851_2";2;"Oaxaca";20;"Ixtlan de Juarez";42;2012;"BM";"VSn";"BOSQUE MESOFILO DE MONTANA";"BM";17,37458267;-96,45433333;2730;270;0,984381950632505;-0,176045946471211;8,055941;1172;11,2124996185303;8487;"Present";32;800;21,733763642693;13,63125;40,785310475;13,0895397904797;1,89632644015846;0,363598327513325;327,238494761993;47,4081610039615;8,38065803237121;1,62595656269548;5,08327918753175;6;0;0;0;0;4;"3"
"75";"71851";"Ixtlan";"71851_3";3;"Oaxaca";20;"Ixtlan de Juarez";42;2012;"BM";"VSn";"BOSQUE MESOFILO DE MONTANA";"BM";17,37388822;-96,45402778;2730;318,65002;-0,219824278534826;-0,975539484883438;18,303596;1172;11,2124996185303;8487;"Present";17;425;8,04358538459103;7,45294117647059;15,4717518;3,32203733405209;0,249600420923226;0,195413960826594;83,0509333513023;6,24001052308065;1,51342485244866;0,868719682914265;2,38385680626801;3;0;0;0;0;4;"2"
"76";"71851";"Ixtlan";"71851_4";4;"Oaxaca";20;"Ixtlan de Juarez";42;2012;"BM";"VSn";"BOSQUE MESOFILO DE MONTANA";"BM";17,37374933;-96,45455556;2730;302,4692;0,639994472131828;0,768379512767423;23,315346;1172;11,2124996185303;8487;"Present";48;1200;23,2360629665928;11,0895833333333;52,163811875;15,6737140954908;3,12118831920928;0,307327727362565;391,84285238727;78,029707980232;11,2626182267937;1,31097965220437;3,70980625247968;4;0;0;0;0;4;"3"
"77";"71856";"Sierra Mixe";"71856_1";1;"Oaxaca";20;"Villa Talea de Castro";280;2012;"BQP";"VSA";"BOSQUE MESOFILO DE MONTANA";"VSaa/BM";17,365;-96,219166;1184;37,529137;0,985589022704927;-0,169157554733885;18,95064;2267;21,6291675567627;13154;"Present";24;600;8,75355430276845;8,1;22,3316119;7,3708027167554;0,387769723953703;0,294832108670216;184,270067918885;9,69424309884258;1,97882908622179;0,376770161256437;1,45756926498109;2;0;2;2;2;4;"1"
"78";"71856";"Sierra Mixe";"71856_2";2;"Oaxaca";20;"Villa Talea de Castro";280;2012;"BQP";"VSA";"BOSQUE MESOFILO DE MONTANA";"VSaa/BM";17,36541667;-96,21911044;1184;40,596962;-0,970441573232961;0,24133618241187;38,52589;2267;21,6291675567627;13154;"Present";29;725;9,46826130346666;8,18620689655172;27,3540883;8,89839605718016;0,512712791391754;0,30684124335104;222,459901429504;12,8178197847939;2,3802093796298;0,545969299888879;1,7262808555229;3;0;2;2;2;4;"1"
"79";"71856";"Sierra Mixe";"71856_3";3;"Oaxaca";20;"Villa Talea de Castro";280;2012;"BQP";"VSA";"BOSQUE MESOFILO DE MONTANA";"VSaa/BM";17,36480556;-96,21883267;1184;263,9464;0,998616039817127;0,0525928228939906;32,496864;2267;21,6291675567627;13154;"Present";21;525;9,48567581849422;8,59047619047619;26,5998092;8,39818547700064;0,497993612809142;0,399913594142887;209,954636925016;12,4498403202285;2,71677788845526;0,380506218477596;1,46302501230496;3;0;2;2;2;4;"1"
"80";"71856";"Sierra Mixe";"71856_4";4;"Oaxaca";20;"Villa Talea de Castro";280;2012;"BQP";"VSA";"BOSQUE MESOFILO DE MONTANA";"VSaa/BM";17,36483333;-96,21958267;1184;66,541504;-0,842947204643717;-0,537996291979177;18,785515;2267;21,6291675567627;13154;"Present";25;625;8,79638733939276;7,06;19,97270235;6,32304802781348;0,454088227231906;0,234186963993092;158,076200695337;11,3522056807977;2,27044113615953;1,24400077972449;3,46946630565301;5;0;2;2;2;4;"1"
"81";"72072";"Sierra Mixe";"72072_1";1;"Oaxaca";20;"Santo Domingo Roayaga";514;2013;"BM";"VSA";"BOSQUE MESOFILO DE MONTANA";"VSA/BM";17,31583333;-96,08219378;1909;335,51505;-0,804855765633632;0,593470468116401;26,419771;2020;16,0125007629395;13669;"Present";23;575;14,0669578142136;8,94782608695652;17,824908325;4,68200292660184;0,653757816550357;0,203565344634863;117,050073165046;16,3439454137589;3,40794820133075;0,64285791309079;1,90190860913209;4;0;0;1;0;2;"1"
"82";"72072";"Sierra Mixe";"72072_2";2;"Oaxaca";20;"Santo Domingo Roayaga";514;2013;"BM";"VSA";"BOSQUE MESOFILO DE MONTANA";"VSA/BM";17,31627778;-96,082166;1909;248,00217;-0,983183749587383;0,182619042126755;24,442959;2020;16,0125007629395;13669;"Present";15;375;10,4285531989735;8,36666666666667;6,295629;1,1012966499407;0,204285126308084;0,064782155878865;27,5324162485176;5,1071281577021;1,31865482011515;1,23514465153267;3,43887592340219;4;0;0;1;0;2;"2"
"83";"72072";"Sierra Mixe";"72072_3";3;"Oaxaca";20;"Santo Domingo Roayaga";514;2013;"BM";"VSA";"BOSQUE MESOFILO DE MONTANA";"VSA/BM";17,31566667;-96,08180489;1909;204,17612;-0,999624575446446;0,027399054062371;26,163141;2020;16,0125007629395;13669;"Present";14;350;10,4374407463866;8,94285714285714;13,66014795;4,61158128993351;0,391802533361934;0,307438752662234;115,289532248338;9,79506333404835;2,61784079126861;0,509137344082687;1,66385524109861;3;0;0;1;0;2;"2"
"84";"72072";"Sierra Mixe";"72072_4";4;"Oaxaca";20;"Santo Domingo Roayaga";514;2013;"BM";"VSA";"BOSQUE MESOFILO DE MONTANA";"VSA/BM";17,31558333;-96,08255489;1909;235,93219;-0,951493833650704;-0,307667815223963;24,517878;2020;16,0125007629395;13669;"Present";29;725;16,2716317707924;15,2793103448276;28,077107375;9,4898888976449;0,845640547103359;0,306125448311126;237,247222441122;21,141013677584;3,92578768426463;0;1;1;0;0;1;0;2;"1"
"85";"72073";"Sierra Mixe";"72073_1";1;"Oaxaca";20;"Totontepec Villa de Morelos";554;2009;"BM";"VSA";"BOSQUE MESOFILO DE MONTANA";"VSaa/BM";17,31336111;-96,030916;1403;141,85405;-0,885893104253321;-0,463889434926485;13,19799;3006;18,3958339691162;19793;"Present";8;200;9,63905185698416;7,725;3,395048475;0,533268979382663;0,0993843407010076;0,0666586224228329;13,3317244845666;2,48460851752519;0,878441765667959;1,32088834314932;3,74674829750099;4;3;0;2;2;2;"2"
"86";"72073";"Sierra Mixe";"72073_2";2;"Oaxaca";20;"Totontepec Villa de Morelos";554;2009;"BM";"VSaa";"BOSQUE MESOFILO DE MONTANA";"VSaa/BM";17,31375;-96,03088822;1403;145,07996;0,84367828220956;0,536849099960059;11,354171;3006;18,3958339691162;19793;"Present";1;25;4,9;4,9;0,40715135;0,0702588693418389;0;0,0702588693418389;1,75647173354597;0;0;0;1;1;3;0;2;2;2;"2"
"87";"72073";"Sierra Mixe";"72073_3";3;"Oaxaca";20;"Totontepec Villa de Morelos";554;2009;"BM";"VSA";"BOSQUE MESOFILO DE MONTANA";"VSaa/BM";17,31311111;-96,03058267;1403;295,52145;0,977666595910207;0,210161907208105;22,128693;3006;18,3958339691162;19793;"Present";11;275;8,7522036717122;7,53636363636364;2,71805345;0,35554646830234;0,0542140913569943;0,0323224062093036;8,8886617075585;1,35535228392486;0,408654089502727;1,09005965871078;2,97445151921282;3;3;0;2;2;2;"2"
"88";"72073";"Sierra Mixe";"72073_4";4;"Oaxaca";20;"Totontepec Villa de Morelos";554;2009;"BM";"VSA";"BOSQUE MESOFILO DE MONTANA";"VSaa/BM";17,31316667;-96,03130489;1403;259,69174;-0,488479256050849;0,872575507568262;42,569004;3006;18,3958339691162;19793;"Present";14;350;7,22384224268011;7,17857142857143;2,5206038;0,363600654336827;0,0414424140472264;0,0259714753097734;9,09001635842068;1,03606035118066;0,276898776152766;0,754996758130825;2,12760462592826;4;3;0;2;2;2;"2"
"89";"72077";"Sierra Mixe";"72077_1";1;"Oaxaca";20;"Santiago Choapam";460;2013;"BM";"VSA";"BOSQUE DE PINO-ENCINO";"BPQ";17,30475;-95,84527744;1069;259,18506;-0,00366607062998614;0,999993279940488;25,13471;2789;21,7000007629395;16450;"Present";24;600;10,9990119009292;10,2291666666667;22,00667235;8,29424728160427;0,722928916540122;0,319009510830933;207,356182040107;18,0732229135031;3,68918117880497;1,48189218239344;4,40126580450477;6;0;0;0;0;2;"1"
"90";"72077";"Sierra Mixe";"72077_2";2;"Oaxaca";20;"Santiago Choapam";460;2013;"BM";"VSA";"BOSQUE DE PINO-ENCINO";"BPQ";17,30508333;-95,84522189;1069;130,91837;0,516085840542694;-0,856536867385952;32,15262;2789;21,7000007629395;16450;"Present";16;400;10,6617414575727;9,325;16,625740675;7,07033442606981;0,766551123420645;0,271935939464223;176,758360651745;19,1637780855161;4,79094452137903;1,72195444940605;5,59545381566163;7;0;0;0;0;2;"2"
"91";"72077";"Sierra Mixe";"72077_3";3;"Oaxaca";20;"Santiago Choapam";460;2013;"BM";"VSA";"BOSQUE DE PINO-ENCINO";"BPQ";17,30444444;-95,84491633;1069;55,39417;0,404377925552255;-0,914591981883755;22,856403;2789;21,7000007629395;16450;"Present";35;875;11,9366012740676;10,3257142857143;20,541528175;6,52710971927561;0,783618273127171;0,171766045244095;163,17774298189;19,5904568281793;3,31139158808221;1,52274264612986;4,58478240299582;7;0;0;0;0;2;"1"
"92";"72077";"Sierra Mixe";"72077_4";4;"Oaxaca";20;"Santiago Choapam";460;2013;"BM";"VSA";"BOSQUE DE PINO-ENCINO";"BPQ";17,30458333;-95,84566633;1069;259,18506;-0,00366607062998614;0,999993279940488;14,149981;2789;21,7000007629395;16450;"Present";17;425;10,9199770234366;8,18823529411765;17,185337625;4,86225067573782;0,559850427707723;0,202593778155743;121,556266893446;13,9962606926931;3,39459183527377;0,790234755343283;2,20391374605979;4;0;0;0;0;2;"2"
"93";"72279";"Sierra Mixe";"72279_1";1;"Oaxaca";20;"Santa Maria Yalina";442;2014;"BM";"VSna";"BOSQUE DE ENCINO";"BQ";17,27908267;-96,31711044;2346;188,50398;0,999964545402762;0,00842068509367426;19,892702;1237;13,5874996185303;8932;"Present";26;650;10,7714190156553;8,28846153846154;20,914207775;2,74783771152578;0,566752438304423;0,0886399261782508;68,6959427881444;14,1688109576106;2,77873244451014;1,2598477680553;3,52488484644446;6;0;0;1;0;1;"1"
"94";"72279";"Sierra Mixe";"72279_2";2;"Oaxaca";20;"Santa Maria Yalina";442;2014;"BM";"VSna";"BOSQUE DE ENCINO";"BQ";17,27949933;-96,31713822;2346;233,70073;0,340945702983255;0,940082989749976;25,42568;1237;13,5874996185303;8932;"Present";32;800;18,2091306552477;11,346875;47,121291225;23,0495457163406;2,966819137751;0,60656699253528;576,238642908516;74,170478443775;13,111612067861;1,51242375273642;4,53771577752791;5;0;0;1;0;1;"3"
"95";"72279";"Sierra Mixe";"72279_3";3;"Oaxaca";20;"Santa Maria Yalina";442;2014;"BM";"VSna";"BOSQUE DE ENCINO";"BQ";17,27894378;-96,31677711;2346;31,902508;0,883936551332816;0,467606857539373;26,032427;1237;13,5874996185303;8932;"Present";27;675;17,9014160853148;12,5296296296296;42,43930565;18,0814543596399;2,38051643721887;0,62349842619448;452,036358990998;59,5129109304718;11,4532650486554;1,5339802035056;4,63659473508314;5;0;0;1;0;1;"3"
"96";"72279";"Sierra Mixe";"72279_4";4;"Oaxaca";20;"Santa Maria Yalina";442;2014;"BM";"VSna";"BOSQUE DE ENCINO";"BQ";17,27886044;-96,31755489;2346;19,22848;0,929063179307359;0,369921084631983;17,206434;1237;13,5874996185303;8932;"Present";28;700;19,6504274342411;11,475;39,160398;17,4916686705479;2,38787578275253;0,530050565774179;437,291716763698;59,6968945688133;11,2816526479945;1,03972077083992;2,82842712474619;3;0;0;1;0;1;"3"
"97";"72285";"Sierra Mixe";"72285_1";1;"Oaxaca";20;"Totontepec Villa de Morelos";554;2012;"BM";"VSaa";"BOSQUE MESOFILO DE MONTANA";"VSaa/BM";17,26722156;-96,03527744;2191;121,564995;-0,575878110505041;0,817535566101649;18,387724;1742;14,5625;12543;"Present";53;1325;13,5837192473413;10,3716981132075;34,801022525;5,56467323027037;0,593439103591124;0,0856103573887749;139,116830756759;14,8359775897781;2,03787824846203;1,90278685820111;6,70455306943539;8;0;0;0;2;2;"1"
"98";"72285";"Sierra Mixe";"72285_2";2;"Oaxaca";20;"Totontepec Villa de Morelos";554;2012;"BM";"VSaa";"BOSQUE MESOFILO DE MONTANA";"VSaa/BM";17,26761044;-96,03524967;2191;30,87656;0,858034195947058;-0,513592560874362;16,028101;1742;14,5625;12543;"Present";35;875;12,1181746058163;10,1285714285714;21,16727655;3,37426458770214;0,39656018178472;0,0717928635681306;84,3566146925535;9,91400454461799;1,67577262445635;0,978672525723665;2,66092159140572;4;0;0;0;2;2;"1"
"99";"72285";"Sierra Mixe";"72285_3";3;"Oaxaca";20;"Totontepec Villa de Morelos";554;2012;"BM";"VSaa";"BOSQUE MESOFILO DE MONTANA";"VSaa/BM";17,26697156;-96,03494411;2191;128,18996;-0,816577928107295;0,577235209709177;13,874532;1742;14,5625;12543;"Present";53;1325;10,1457461323688;8,32830188679245;19,0467551;2,97584868415103;0,305200728046893;0,0487844046582135;74,3962171037756;7,63001820117232;1,04806360305179;1,42500859536886;4,15789358123141;5;0;0;0;2;2;"1"
"100";"72285";"Sierra Mixe";"72285_4";4;"Oaxaca";20;"Totontepec Villa de Morelos";554;2012;"BM";"VSaa";"BOSQUE MESOFILO DE MONTANA";"VSaa/BM";17,26705489;-96,03566633;2191;193,38364;0,174789333858555;-0,984605854527223;16,495876;1742;14,5625;12543;"Present";61;1525;11,9545932321764;10,827868852459;25,0015203;4,12784157068881;0,295846124285817;0,0616095756819226;103,19603926722;7,39615310714543;0,946980367344895;1,46844525758874;4,34247845454697;7;0;0;0;2;2;"1"
"101";"72496";"Sierra Mixe";"72496_1";1;"Oaxaca";20;"Totontepec Villa de Morelos";554;2009;"BM";"VSn";"BOSQUE MESOFILO DE MONTANA";"VSA/BM";17,22424933;-96,08419411;1868;231,19571;0,28465829844935;-0,958629048758654;37,827297;1818;16,5375003814697;12084;"Present";23;575;14,7830800699574;11,6869565217391;37,344847225;15,7463685815028;1,356170386085;0,684624720934904;393,65921453757;33,9042596521249;7,06952683540175;0,387212375186361;1,47286925894327;2;0;2;0;0;2;"1"
"102";"72496";"Sierra Mixe";"72496_2";2;"Oaxaca";20;"Totontepec Villa de Morelos";554;2009;"BM";"VSn";"BOSQUE MESOFILO DE MONTANA";"VSA/BM";17,22422156;-96,08419411;1868;214,92033;0,275170237183821;0,961395517239497;37,827297;1818;16,5375003814697;12084;"Present";72;1800;10,7609876631248;10,3541666666667;17,486832875;2,8514244077457;0,177129894629219;0,0396031167742458;71,2856101936425;4,42824736573048;0,521873956846581;1,16889877701791;3,21844645911234;6;0;2;0;0;2;"1"
"103";"72496";"Sierra Mixe";"72496_3";3;"Oaxaca";20;"Totontepec Villa de Morelos";554;2009;"BM";"VSn";"BOSQUE MESOFILO DE MONTANA";"VSA/BM";17,22394378;-96,083833;1868;199,23312;-0,255160315074152;-0,966898760786909;20,609434;1818;16,5375003814697;12084;"Present";26;650;18,1103614138866;15,15;51,766636375;22,0576367558996;1,93347112760191;0,816949509477762;551,44091889749;48,3367781900478;9,47962212366384;0;1;1;0;2;0;0;2;"3"
"104";"72496";"Sierra Mixe";"72496_4";4;"Oaxaca";20;"Totontepec Villa de Morelos";554;2009;"BM";"VSn";"BOSQUE MESOFILO DE MONTANA";"VSA/BM";17,22405489;-96,08463856;1868;199,66664;0,174606876324656;-0,984638227340451;39,569645;1818;16,5375003814697;12084;"Present";71;1775;15,095605750038;12,8056338028169;36,19537495;10,3632243206518;0,778385362255749;0,143933671120164;259,080608016295;19,4596340563937;2,30943367732925;0,289641435371108;1,33594837830022;2;0;2;0;0;2;"1"
"105";"72714";"Sierra Mixe";"72714_1";1;"Oaxaca";20;"San Juan Cotzocon";190;2013;"BM";"VSna";"BOSQUE MESOFILO DE MONTANA";"VSA/BM";17,16749933;-95,80447222;1042;149,12247;-0,102998059737052;-0,99468155692684;28,507715;2490;22,3541660308838;14467;"Present";30;750;10,6886016076949;8,63333333333333;9,78575;2,03015453276444;0,251214719685145;0,0634423291488887;50,753863319111;6,28036799212861;1,14663307290742;1,19798940374097;3,31344821435874;5;0;0;1;0;2;"1"
"106";"72714";"Sierra Mixe";"72714_2";2;"Oaxaca";20;"San Juan Cotzocon";190;2013;"BM";"VSna";"BOSQUE MESOFILO DE MONTANA";"VSA/BM";17,16786044;-95,80436111;1042;32,44155;0,518565902364419;0,855037662857593;31,640778;2490;22,3541660308838;14467;"Present";12;300;12,8392069725228;9,30833333333333;10,506707825;2,53365016409075;0,487480685579369;0,211137513674229;63,3412541022688;12,1870171394842;3,5180888130499;0,823959216501082;2,27950705695478;3;0;0;1;0;2;"2"
"107";"72714";"Sierra Mixe";"72714_3";3;"Oaxaca";20;"San Juan Cotzocon";190;2013;"BM";"VSna";"BOSQUE MESOFILO DE MONTANA";"VSA/BM";17,16724933;-95,80411111;1042;61,73985;0,460708462883207;-0,887551526519893;29,703604;2490;22,3541660308838;14467;"Present";18;450;12,7076039010253;9,76111111111111;10,796579575;2,15520121198506;0,419581449052641;0,107760060599253;53,8800302996264;10,489536226316;2,47240739904333;1,03662796885861;2,81969287334803;3;0;0;1;0;2;"2"
"108";"72714";"Sierra Mixe";"72714_4";4;"Oaxaca";20;"San Juan Cotzocon";190;2013;"BM";"VSna";"BOSQUE MESOFILO DE MONTANA";"VSA/BM";17,16724933;-95,80477778;1042;133,70055;-0,181844815736726;0,983327241049324;15,167327;2490;22,3541660308838;14467;"Present";13;325;7,95114186807179;7,74615384615385;2,722922925;0,563642139167787;0,0575986363177381;0,0375761426111858;14,0910534791947;1,43996590794345;0,399374685846937;1,31143133747324;3,71148229580781;5;0;0;1;0;2;"2"
"109";"72923";"Sierra Mixe";"72923_1";1;"Oaxaca";20;"Santa Maria Tlahuitoltepec";437;2012;"BM";"VSaa";"BOSQUE MESOFILO DE MONTANA";"VSaa/BM";17,12997156;-95,99416633;2790;273,4174;-0,99511938766848;-0,0986782868026622;11,9076805;1310;12,3125;9245;"Present";11;275;8,0208051866799;5,78181818181818;7,57806935;1,36332951554188;0,316889459464019;0,038952271872625;34,0832378885469;7,92223648660048;2,38864417513793;1,2406842919534;3,4579789224902;4;0;0;2;3;2;"2"
"110";"72923";"Sierra Mixe";"72923_2";2;"Oaxaca";20;"Santa Maria Tlahuitoltepec";437;2012;"BM";"VSaa";"BOSQUE MESOFILO DE MONTANA";"VSaa/BM";17,13038822;-95,99413856;2790;294,85574;0,89871344450215;-0,438536366417976;14,791581;1310;12,3125;9245;"Present";14;350;9,05823847722899;7,17857142857143;11,659518025;1,41422525536592;0,314453494505377;0,0300898990503387;35,355631384148;7,86133736263442;2,10103078663022;1,12662655902821;3,08523108030865;5;0;0;2;3;2;"2"
"111";"72923";"Sierra Mixe";"72923_3";3;"Oaxaca";20;"Santa Maria Tlahuitoltepec";437;2012;"BM";"VSaa";"BOSQUE MESOFILO DE MONTANA";"VSaa/BM";17,12972156;-95,99380522;2790;258,543;0,595906442660729;0,803053865936423;23,978954;1310;12,3125;9245;"Present";4;100;6,33201132434243;5,9;1,412973875;0,166841284094204;0,0419996230464823;0,0278068806823672;4,17103210235509;1,04999057616206;0,524995288081029;0,562335144618808;1,75476535060332;2;0;0;2;3;2;"2"
"112";"72923";"Sierra Mixe";"72923_4";4;"Oaxaca";20;"Santa Maria Tlahuitoltepec";437;2012;"BM";"VSaa";"BOSQUE MESOFILO DE MONTANA";"VSaa/BM";17,12980489;-95,99455522;2790;270;0,984381950632505;-0,176045946471211;17,103292;1310;12,3125;9245;"Present";41;1025;7,49356914975395;6,36585365853659;15,58137395;2,93190024682461;0,212096646352454;0,0698071487339192;73,2975061706152;5,30241615881134;0,8280982786205;1,14700802991281;3,14875781277676;4;0;0;2;3;2;"1"
"113";"72924";"Sierra Mixe";"72924_1";1;"Oaxaca";20;"Santiago Atitlan";454;2013;"BM";"VSA";"BOSQUE MESOFILO DE MONTANA";"VSA/BM";17,12527711;-95,94688856;2093;86,22722;-0,165808668091302;-0,986157941501151;46,74191;1745;16,1000003814697;12227;"Present";24;600;12,841188182109;9,89166666666667;39,090806575;17,2550745913273;1,27834027637498;0,595002572114735;431,376864783183;31,9585069093746;6,52350290576486;1,0240102202943;2,78433821479917;3;0;0;1;0;1;"1"
"114";"72924";"Sierra Mixe";"72924_2";2;"Oaxaca";20;"Santiago Atitlan";454;2013;"BM";"VSA";"BOSQUE MESOFILO DE MONTANA";"VSA/BM";17,12569378;-95,94680522;2093;80,31048;0,198539307005525;-0,980092925989044;43,65806;1745;16,1000003814697;12227;"Present";31;775;12,297023817544;9,71612903225807;27,647748825;9,10928425059143;0,744868460063135;0,267920125017395;227,732106264786;18,6217115015784;3,34455811849645;1,35145215240184;3,86303116958219;7;0;0;1;0;1;"1"
"115";"72924";"Sierra Mixe";"72924_3";3;"Oaxaca";20;"Santiago Atitlan";454;2013;"BM";"VSA";"BOSQUE MESOFILO DE MONTANA";"VSA/BM";17,12499933;-95,94652744;2093;55,821495;0,747056819077181;-0,664760189143637;38,212696;1760;16,3500003814697;12223;"Present";27;675;10,3115834254578;9,35925925925926;31,8351876;8,84333567491478;0,733091389887915;0,32753095092277;221,08339187287;18,3272847471979;3,52708759410321;1,15196408476564;3,16440196382894;5;0;0;1;0;1;"1"
"116";"72924";"Sierra Mixe";"72924_4";4;"Oaxaca";20;"Santiago Atitlan";454;2013;"BM";"VSA";"BOSQUE MESOFILO DE MONTANA";"VSA/BM";17,12511044;-95,94727744;2093;33,777225;-0,710706609839322;0,703488532053436;44,003635;1745;16,1000003814697;12227;"Present";44;1100;12,2358258766039;9,27272727272727;45,067191875;18,4356516854491;1,67356102582276;0,368713033708982;460,891292136228;41,839025645569;6,30747043910952;1,36507274724916;3,91600792043481;5;0;0;1;0;1;"1"
"117";"72926";"Sierra Mixe";"72926_1";1;"Oaxaca";20;"Santa Maria Alotepec";394;2010;"BM";"VSA";"BOSQUE MESOFILO DE MONTANA";"VSaa/BM";17,12444378;-95,85338889;1226;73,995224;0,167010342730284;-0,985955143716545;48,26046;2547;21,341667175293;15049;"Present";12;300;15,1233574028951;10,1916666666667;7,836623075;1,6561176000187;0,454190742922285;0,138009800001558;41,4029400004675;11,3547685730571;3,27783934612022;1,2366848691405;3,44417662171714;4;2;0;3;2;2;"2"
"118";"72926";"Sierra Mixe";"72926_2";2;"Oaxaca";20;"Santa Maria Alotepec";394;2010;"BM";"VSA";"BOSQUE MESOFILO DE MONTANA";"VSaa/BM";17,12486044;-95,85333333;1226;34,487328;-0,997537609684258;0,0701335673227663;48,471382;2547;21,341667175293;15049;"Present";8;200;17,8042421191635;11,625;7,57553625;3,12190935392112;0,865928141772512;0,312190935392112;78,047733848028;21,6482035443128;7,65379576334511;0,900256051268537;2,4602329762891;3;2;0;3;2;2;"2"
"119";"72926";"Sierra Mixe";"72926_3";3;"Oaxaca";20;"Santa Maria Alotepec";394;2010;"BM";"VSA";"BOSQUE MESOFILO DE MONTANA";"VSaa/BM";17,12419378;-95,85305556;1226;99,86176;0,784315154800482;-0,620362585872404;43,888943;2547;21,341667175293;15049;"Present";7;175;12,0436707258198;8,78571428571429;6,328772875;2,24405891287926;0,339130718929445;0,320579844697037;56,1014728219814;8,47826797323613;3,2044840865352;0,410116318288409;1,50699306577254;2;2;0;3;2;2;"2"
"120";"72926";"Sierra Mixe";"72926_4";4;"Oaxaca";20;"Santa Maria Alotepec";394;2010;"BM";"VSA";"BOSQUE MESOFILO DE MONTANA";"VSaa/BM";17,12422156;-95,85377778;1226;85,7936;-0,564805857090152;-0,825223814365932;49,671265;2547;21,341667175293;15049;"Present";14;350;14,9608282730151;10,1714285714286;12,035273175;2,66797635206348;0,494180219593214;0,190569739433105;66,6994088015869;12,3545054898304;3,30188048042593;1,09130300064685;2,97815207957768;4;2;0;3;2;2;"2"
"121";"73137";"Sierra Mixe";"73137_1";1;"Oaxaca";20;"Santiago Atitlan";454;2012;"BQ";"VSna";"BOSQUE MESOFILO DE MONTANA";"VSaa/BM";17,07986044;-95,90541667;1505;69,46406;0,939707747203714;0,341978580974481;50,931683;2063;18,7333335876465;12906;"Present";24;600;7,58818741315934;6,675;11,005987025;2,53636977239552;0,185197293149866;0,0975526835536738;63,409244309888;4,62993232874665;0,945080979087095;1,10512678881049;3,01960729695421;4;3;0;3;2;2;"2"
"122";"73137";"Sierra Mixe";"73137_3";3;"Oaxaca";20;"Santiago Atitlan";454;2012;"BQ";"VSna";"BOSQUE MESOFILO DE MONTANA";"VSaa/BM";17,07961044;-95,90502778;1505;34,575874;-0,999831555194684;-0,0183537799098718;46,021084;2063;18,7333335876465;12906;"Present";24;600;7,54184831764312;6,4125;10,7277981;2,21927552374075;0,236799172841413;0,08877102094963;55,4818880935187;5,91997932103532;1,20841071869704;1,09339030647912;2,98437488597348;3;3;0;3;2;2;"2"
"123";"73137";"Sierra Mixe";"73137_4";4;"Oaxaca";20;"Santiago Atitlan";454;2012;"BQ";"VSna";"BOSQUE MESOFILO DE MONTANA";"VSaa/BM";17,07969378;-95,90580556;1505;42,077263;-0,328049267070392;-0,944660615445875;34,780323;2063;18,7333335876465;12906;"Present";14;350;8,62793413814239;6,67857142857143;7,52843175;1,42063112569542;0,291511383276334;0,0526159676183487;35,5157781423854;7,28778458190836;1,94774235815105;0,892117870818816;2,44029240641284;3;3;0;3;2;2;"2"
"124";"73137";"Sierra Mixe";"73137_2";2;"Oaxaca";20;"Santiago Atitlan";454;2012;"BQ";"VSna";"BOSQUE MESOFILO DE MONTANA";"VSaa/BM";17,08027711;-95,90538889;1505;185,97346;-0,814172682442881;-0,58062280627251;36,487274;2063;18,7333335876465;12906;"Present";0;0;0;0;0;0;0;0;0;0;0;NA;0;0;3;0;3;2;2;"2"
"125";"73353";"Sierra Mixe";"73353_1";1;"Oaxaca";20;"San Juan Mazatlan";207;2010;"BM";"VSaa";"BOSQUE MESOFILO DE MONTANA";"VSA/BM";17,02638822;-95,66997156;1100;107,69545;0,636148816874217;0,771566382620144;28,060621;1771;21,7124996185303;10274;"Present";11;275;8,54488476555885;8,20909090909091;4,438491825;1,12841211530928;0,546535997078492;0,0868009319468678;28,210302882732;13,6633999269623;4,11967008348212;0,898137003187868;2,45502514409486;3;0;2;0;0;2;"2"
"126";"73353";"Sierra Mixe";"73353_2";2;"Oaxaca";20;"San Juan Mazatlan";207;2010;"BM";"VSaa";"BOSQUE MESOFILO DE MONTANA";"VSA/BM";17,02680489;-95,66999933;1100;107,69545;0,636148816874217;0,771566382620144;27,112381;1771;21,7124996185303;10274;"Present";5;125;21,4242224058188;10,52;7,981234975;2,07881755575873;0,984186410605847;0,296973936536962;51,9704388939683;24,6046602651462;11,003538583231;1,01140426470735;2,7494592739972;3;0;2;0;0;2;"2"
"127";"73353";"Sierra Mixe";"73353_3";3;"Oaxaca";20;"San Juan Mazatlan";207;2010;"BM";"VSaa";"BOSQUE MESOFILO DE MONTANA";"VSA/BM";17,026166;-95,66963822;1100;170,11992;0,889787631649109;0,456374813683083;26,198565;1771;21,7124996185303;10274;"Present";1;25;7,6;7,6;0,20029665;0,0427797347804367;0;0,0427797347804367;1,06949336951092;0;0;0;1;1;0;2;0;0;2;"2"
"128";"73353";"Sierra Mixe";"73353_4";4;"Oaxaca";20;"San Juan Mazatlan";207;2010;"BM";"VSaa";"BOSQUE MESOFILO DE MONTANA";"VSA/BM";17,02619378;-95,67038822;1100;126,83624;0,387817384532476;0,921736229218744;25,682627;1771;21,7124996185303;10274;"Present";5;125;11,6175502236176;9,02;7,4987828;3,15002485099472;1,47044229866849;0,39375310637434;78,7506212748679;36,7610574667122;16,4400446840689;0,598269588585257;1,81896851165317;2;0;2;0;0;2;"2"
"129";"73768";"Sierra Mixe";"73768_1";1;"Oaxaca";20;"San Miguel Quetzaltepec";275;2013;"BM";"VSA";"BOSQUE DE PINO-ENCINO";"BPQ";16,94194411;-95,81447222;1283;268,66443;0,0582251689083894;-0,998303475755539;34,767944;1451;20,8624992370605;8610;"Present";20;500;8,19352610091667;8,07;3,928885;0,255663432794932;0,0438458223458753;0,012174449180711;6,3915858198733;1,09614555864688;0,245105598236891;1,30466152968406;3,68644113162335;5;2;0;2;0;1;"2"
"130";"73768";"Sierra Mixe";"73768_2";2;"Oaxaca";20;"San Miguel Quetzaltepec";275;2013;"BM";"VSA";"BOSQUE DE PINO-ENCINO";"BPQ";16,94222189;-95,8145;1283;294,8661;0,903208371142153;-0,429202327927912;35,16966;1451;20,8624992370605;8610;"Present";59;1475;11,4162233414305;9,40847457627119;35,5293914;5,66646639263916;0,550952079221646;0,094441106543986;141,661659815979;13,7738019805412;1,79319627991217;1,58273756080914;4,86826475670847;7;2;0;2;0;1;"1"
"131";"73768";"Sierra Mixe";"73768_3";3;"Oaxaca";20;"San Miguel Quetzaltepec";275;2013;"BM";"VSA";"BOSQUE DE PINO-ENCINO";"BPQ";16,94172189;-95,81425;1283;299,99118;-0,0309134919912128;-0,999522063794947;37,75122;1451;20,8624992370605;8610;"Present";11;275;9,72976430971055;8,96363636363636;9,237933625;0,730106973696368;0,184022031516122;0,0663733612451244;18,2526743424092;4,60055078790305;1,38711825385894;1,2406842919534;3,4579789224902;4;2;0;2;0;1;"2"
"132";"73768";"Sierra Mixe";"73768_4";4;"Oaxaca";20;"San Miguel Quetzaltepec";275;2013;"BM";"VSA";"BOSQUE DE PINO-ENCINO";"BPQ";16,94169411;-95,81475;1283;295,52805;0,976258243891568;0,21660988258561;34,50376;1451;20,8624992370605;8610;"Present";12;300;7,9025712900194;7,575;3,180496925;0,415001503614259;0,0549306862471409;0,0345834586345216;10,3750375903565;1,37326715617852;0,396428081144471;1,7045514452673;5,49891854799441;6;2;0;2;0;1;"2"
"133";"73976";"Sierra Mixe";"73976_3";3;"Oaxaca";20;"San Lucas Camotlan";231;2014;"BM";"VSna";"BOSQUE MESOFILO DE MONTANA";"BM";16,893833;-95,72327711;1978;78,25263;-0,959044653807269;0,283254924059046;32,372284;1211;17,5499992370605;7549;"Present";32;800;12,1083850163009;10,340625;37,342883575;9,38237221082644;0,93987993320302;0,293199131588326;234,559305270661;23,4969983300755;4,15372171418134;1,32091486230145;3,74684765940657;4;0;0;1;0;2;"1"
"134";"73976";"Sierra Mixe";"73976_4";4;"Oaxaca";20;"San Lucas Camotlan";231;2014;"BM";"VSna";"BOSQUE MESOFILO DE MONTANA";"BM";16,893833;-95,72327711;1978;78,25263;-0,959044653807269;0,283254924059046;32,372284;1211;17,5499992370605;7549;"Present";22;550;14,4752849004755;10,5681818181818;22,038794825;6,81645636635644;1,04545299125145;0,296367668102454;170,411409158911;26,1363247812864;5,57228316627315;1,07292087629738;2,92390741128033;4;0;0;1;0;2;"1"
"135";"73976";"Sierra Mixe";"73976_1";1;"Oaxaca";20;"San Lucas Camotlan";231;2014;"BM";"VSna";"BOSQUE MESOFILO DE MONTANA";"BM";16,893833;-95,72327711;1978;78,25263;-0,959044653807269;0,283254924059046;32,372284;1211;17,5499992370605;7549;"Present";30;750;14,6720598497009;11,23;73,013004875;28,1396447058852;2,75582016527353;0,879363897058911;703,491117647129;68,8955041318384;12,5785405745661;0,853236150555778;2,34723056578761;3;0;0;1;0;2;"3"
"136";"73976";"Sierra Mixe";"73976_2";2;"Oaxaca";20;"San Lucas Camotlan";231;2014;"BM";"VSna";"BOSQUE MESOFILO DE MONTANA";"BM";16,89419411;-95,72324933;1978;238,89928;0,990460288835479;0,137798462400493;25,960352;1211;17,5499992370605;7549;"Present";19;475;15,0133999207524;10,9526315789474;43,040883275;18,9969223354597;2,0581707313931;0,759876893418387;474,923058386492;51,4542682848275;11,8044187193365;0,974570189446254;2,65002795618499;3;0;0;1;0;2;"3"
"137";"65558";"Huautla_Zongolica";"65558_1";1;"Puebla";21;"Eloxochitlan";61;2011;"BM";"VSna";"BOSQUE MESOFILO DE MONTANA";"VSaa/BM";18,5219715555556;-96,9297215555556;1347;204,5436;-0,942728811889262;-0,333560170334919;30,235691;2089;20,658332824707;13126;"Present";11;275;6,43424346434384;4,99090909090909;7,01083378026535;0,801093522367693;0,19554931429811;0,0728266838516085;20,0273380591923;4,88873285745276;1,47400841713207;1,03356205420682;2,81106117444154;4;3;0;3;3;0;"2"
"138";"65558";"Huautla_Zongolica";"65558_2";2;"Puebla";21;"Eloxochitlan";61;2011;"BM";"VSna";"BOSQUE MESOFILO DE MONTANA";"VSaa/BM";18,5223882222222;-96,929666;1347;239,56819;0,691561056692735;0,722318008128018;28,879965;2089;20,658332824707;13126;"Present";7;175;10,4300169761263;9,05714285714286;6,23469193421116;1,00539187243791;0,216468977663485;0,111710208048657;25,1347968109479;5,41172444158712;2,04543957663563;1,74786809746676;5,74234749205346;6;3;0;3;3;0;"2"
"139";"65558";"Huautla_Zongolica";"65558_3";3;"Puebla";21;"Eloxochitlan";61;2011;"BM";"VSna";"BOSQUE MESOFILO DE MONTANA";"VSaa/BM";18,5217215555556;-96,9293604444445;1347;124,911705;0,730323347696502;-0,68310160870062;38,023067;2089;20,658332824707;13126;"Present";8;200;9,22394976258308;7,6;7,59984458074774;1,37608449222609;0,227091455696257;0,15289827691401;34,4021123056524;5,67728639240642;2,00722385340434;1,2130075659799;3,36358566101486;4;3;0;3;3;0;"2"
"140";"65558";"Huautla_Zongolica";"65558_4";4;"Puebla";21;"Eloxochitlan";61;2011;"BM";"VSna";"BOSQUE MESOFILO DE MONTANA";"VSaa/BM";18,5218326666667;-96,9301104444445;1347;133,44576;0,0718657726206668;0,997414312472823;24,523994;2089;20,658332824707;13126;"Present";0;0;0;0;0;0;0;0;0;0;0;NA;0;0;3;0;3;3;0;"2"
"141";"67879";"Huautla_Zongolica";"67879_1";1;"Oaxaca";20;"San Jeronimo Tecoatl";163;2010;"BM";"VSA";"AGRICULTURA DE TEMPORAL";"TA";18,16002778;-96,94305522;2089;202,88376;-0,248405530628303;0,96865612698897;21,752123;1595;15,4375;11019;"Present";5;125;7,26717670789894;6,5;3,197756175;0,75674092951588;0,10297072733604;0,126123488252647;18,918523237897;2,574268183401;1,1512477300799;0,950270539233235;2,58640928985893;3;2;2;0;2;0;"2"
"142";"67879";"Huautla_Zongolica";"67879_2";2;"Oaxaca";20;"San Jeronimo Tecoatl";163;2010;"BM";"VSA";"AGRICULTURA DE TEMPORAL";"TA";18,16041667;-96,94299967;2089;212,64615;0,555235322017553;-0,831693295141944;30,434986;1595;15,4375;11019;"Present";46;1150;6,59856626767881;6,43695652173913;11,78031265;2,84212152859963;0,137175816506178;0,0580024801755026;71,0530382149907;3,42939541265445;0,505636768070403;0,104732439105087;1,1104134673845;2;2;2;0;2;0;"1"
"143";"67879";"Huautla_Zongolica";"67879_3";3;"Oaxaca";20;"San Jeronimo Tecoatl";163;2010;"BM";"VSA";"AGRICULTURA DE TEMPORAL";"TA";18,15977778;-96,94269411;2089;186,02359;-0,784055449902522;-0,620690785720356;19,371597;1595;15,4375;11019;"Present";1;25;4,1;4,1;0,342120225;0,023155464099431;0;0,023155464099431;0,578886602485776;0;0;0;1;1;2;2;0;2;0;"2"
"144";"67879";"Huautla_Zongolica";"67879_4";4;"Oaxaca";20;"San Jeronimo Tecoatl";163;2010;"BM";"VSA";"AGRICULTURA DE TEMPORAL";"TA";18,15983333;-96,94344411;2089;213,88112;0,968211001969709;0,25013487494712;23,479712;1595;15,4375;11019;"Present";22;550;5,74128359795498;5,54545454545454;4,6208616;0,289423492615232;0,0352714526320413;0,0125836301137058;7,23558731538081;0,881786315801033;0,187997474201355;0,304636097349238;1,35613141338627;2;2;2;0;2;0;"2"
"145";"71637";"Ixtlan";"71637_2";2;"Oaxaca";20;"Ixtlan de Juarez";42;2009;"BPQ";"VSA";"BOSQUE MESOFILO DE MONTANA";"BM";17,41719378;-96,44955522;2336;317,03522;-0,964925203062326;0,262524955947295;15,716253;1253;12,6708335876465;9186;"Present";23;575;21,9795468761298;15,6869565217391;47,779318025;13,3106065355127;2,05611623521905;0,578722023283161;332,765163387817;51,4029058804762;10,7182468004985;1,85379501054371;6,3840009601294;8;0;0;1;2;0;"3"
"146";"71637";"Ixtlan";"71637_3";3;"Oaxaca";20;"Ixtlan de Juarez";42;2009;"BPQ";"VSA";"BOSQUE MESOFILO DE MONTANA";"BM";17,41719378;-96,44955522;2336;317,03522;-0,964925203062326;0,262524955947295;15,716253;1253;12,6708335876465;9186;"Present";20;500;24,4957564874725;18,615;52,440862625;14,9836652504355;2,56174890564557;0,749183262521774;374,591631260887;64,0437226411391;14,3206117357729;1,01041275378054;2,746734506126;3;0;0;1;2;0;"3"
"147";"71637";"Ixtlan";"71637_4";4;"Oaxaca";20;"Ixtlan de Juarez";42;2009;"BPQ";"VSA";"BOSQUE MESOFILO DE MONTANA";"BM";17,41719378;-96,44955522;2336;317,03522;-0,964925203062326;0,262524955947295;15,716253;1253;12,6708335876465;9186;"Present";14;350;20,4070342715454;14,0714285714286;17,4269264;3,46190603557621;0,933519383422352;0,230793735705081;86,5476508894052;23,3379845855588;6,23733874406946;0,729871209983116;2,07481337521643;3;0;0;1;2;0;"3"
"148";"71637";"Ixtlan";"71637_1";1;"Oaxaca";20;"Ixtlan de Juarez";42;2009;"BPQ";"VSA";"BOSQUE MESOFILO DE MONTANA";"BM";17,41719378;-96,44955522;2336;317,03522;-0,964925203062326;0,262524955947295;15,716253;1253;12,6708335876465;9186;"Present";25;625;24,1430957905777;17,82;46,841510225;9,99370915659111;1,87225028636136;0,399748366263644;249,842728914778;46,806257159034;9,3612514318068;1,43166181401646;4,18564918601031;6;0;0;1;2;0;"3"
"149";"73348";"Sierra Mixe";"73348_1";1;"Oaxaca";20;"Asuncion Cacalotepec";3;2010;"BM";"VSaa";"BOSQUE MESOFILO DE MONTANA";"VSaa/BM";17,03613856;-95,90416667;1600;224,11119;-0,490518569550804;-0,871430739029691;23,816029;2035;20,3333339691162;12275;"Present";8;200;4,45680933149765;4,3125;1,3918859;0,153397951891544;0,0160629486219327;0,0191747439864429;3,83494879728859;0,401573715548319;0,141977748705247;0;1;1;2;0;0;3;0;"2"
"150";"73348";"Sierra Mixe";"73348_2";2;"Oaxaca";20;"Asuncion Cacalotepec";3;2010;"BM";"VSaa";"BOSQUE MESOFILO DE MONTANA";"VSaa/BM";17,03652744;-95,90413889;1600;317,5605;-0,966481954268852;-0,256734555665303;27,8521;2035;20,3333339691162;12275;"Present";11;275;8,18023221978919;6,43636363636364;6,513047425;0,98107168538072;0,1835239197079;0,0891883350346109;24,526792134518;4,58809799269751;1,38336359483276;1,84622021932163;6,33582617301755;7;2;0;0;3;0;"2"
"151";"73348";"Sierra Mixe";"73348_3";3;"Oaxaca";20;"Asuncion Cacalotepec";3;2010;"BM";"VSaa";"BOSQUE MESOFILO DE MONTANA";"VSaa/BM";17,03591633;-95,90383333;1600;212,21658;0,158405824893293;-0,987374090524901;16,948698;2035;20,3333339691162;12275;"Present";6;150;14,7580282840767;10,7;14,29753935;2,76304338473579;0,505569700535279;0,276304338473579;69,0760846183948;12,639242513382;5,15994914884637;1,07354284640852;2,92572655996732;4;2;0;0;3;0;"2"
"152";"73348";"Sierra Mixe";"73348_4";4;"Oaxaca";20;"Asuncion Cacalotepec";3;2010;"BM";"VSaa";"BOSQUE MESOFILO DE MONTANA";"VSaa/BM";17,03597189;-95,90455556;1600;243,24776;-0,223760060704825;-0,974644260863097;29,55719;2035;20,3333339691162;12275;"Present";27;675;7,34427365502304;6,08888888888889;14,98115165;2,02090089075657;0,224036368391735;0,0748481811391322;50,5225222689142;5,60090920979339;1,07789547999362;0,674521210592376;1,96309284286557;4;2;0;0;3;0;"2"
"153";"71429";"Sierra Mixe";"71429_1";1;"Oaxaca";20;"San Ildefonso Villa Alta";156;2012;"BM";"VSaa";"BOSQUE MESOFILO DE MONTANA";"VSA/BM";17,45327778;-96,16833267;1080;313,65594;0,87598345065395;-0,482341159533788;9,24466;2539;21,404167175293;15411;"Present";3;75;8,39047103635854;8,6;3,078190725;0,0507917506905218;0,0713650338641017;0,0126979376726305;1,26979376726305;1,78412584660254;1,03006553780415;0,636514168294813;1,88988157484231;2;4;0;0;0;0;"2"
"154";"71429";"Sierra Mixe";"71429_2";2;"Oaxaca";20;"San Ildefonso Villa Alta";156;2012;"BM";"VSaa";"BOSQUE MESOFILO DE MONTANA";"VSA/BM";17,45369444;-96,16827711;1080;46,34263;-0,710026979981484;0,70417447248418;18,504791;2539;21,404167175293;15411;"Present";5;125;8,22395598492824;6,34;5,765581875;0,451733328983104;0,182501365595125;0,0903466657966207;11,2933332245776;4,56253413987813;2,04042729728621;0,500402423538188;1,64938488846612;2;4;0;0;0;0;"2"
"155";"71429";"Sierra Mixe";"71429_3";3;"Oaxaca";20;"San Ildefonso Villa Alta";156;2012;"BM";"VSaa";"BOSQUE MESOFILO DE MONTANA";"VSA/BM";17,45302778;-96,16799933;1080;5,9842334;0,955645696957957;-0,29451876321508;15,245507;2539;21,404167175293;15411;"Present";2;50;7,62643398156295;7,8;5,0152702;0,0121130977262777;0,124646139232295;0,00605654886313886;0,302827443156943;3,11615348080738;2,20345325749696;0;1;1;4;0;0;0;0;"2"
"156";"71429";"Sierra Mixe";"71429_4";4;"Oaxaca";20;"San Ildefonso Villa Alta";156;2012;"BM";"VSaa";"BOSQUE MESOFILO DE MONTANA";"VSA/BM";17,45311111;-96,16872156;1080;345,315;0,966340627900865;-0,257265992443934;13,775857;2539;21,404167175293;15411;"Present";3;75;9,15864871182345;8,33333333333333;6,975176475;0,846403190092069;0,123509503981415;0,282134396697356;21,1600797523017;3,08773759953538;1,78270613427868;0,636514168294813;1,88988157484231;2;4;0;0;0;0;"2"
"157";"73556";"Sierra Mixe";"73556_4";4;"Oaxaca";20;"Santa Maria Tepantlali";435;2011;"BM";"VSaa";"BOSQUE MESOFILO DE MONTANA";"VSaa/BM";16,99469411;-96;1768;7,8339653;0,0200149973984616;0,999799679875494;34,505806;1368;17,1708335876465;8989;"Present";32;800;10,005702035619;9,046875;8,42865745;1,95477361706505;0,164033202660884;0,0574933416783839;48,8693404266263;4,1008300665221;0,724931187132864;0,644482362497634;1,90500067421576;4;0;2;0;0;0;"1"
"158";"73556";"Sierra Mixe";"73556_1";1;"Oaxaca";20;"Santa Maria Tepantlali";435;2011;"BM";"VSaa";"BOSQUE MESOFILO DE MONTANA";"VSaa/BM";16,99469411;-96;1768;7,8339653;0,0200149973984616;0,999799679875494;34,505806;1368;17,1708335876465;8989;"Present";8;200;8,98473944629975;7,9375;4,38208035;0,521140806085618;0,0991412326689502;0,0473764369168744;13,0285201521405;2,47853081672375;0,876292973942599;0,304636097349238;1,35613141338627;2;0;2;0;0;0;"2"
"159";"73556";"Sierra Mixe";"73556_2";2;"Oaxaca";20;"Santa Maria Tepantlali";435;2011;"BM";"VSaa";"BOSQUE MESOFILO DE MONTANA";"VSaa/BM";16,995083;-95,99994411;1768;8,496039;-0,598844380869184;0,800865411602601;26,387823;1368;17,1708335876465;8989;"Present";8;200;10,739679775574;8,775;6,455438225;1,01635636411825;0,289732602529365;0,101635636411825;25,4089091029564;7,24331506323413;2,56089859974176;1,47080847632211;4,35275281648062;5;0;2;0;0;0;"2"
"160";"73556";"Sierra Mixe";"73556_3";3;"Oaxaca";20;"Santa Maria Tepantlali";435;2011;"BM";"VSaa";"BOSQUE MESOFILO DE MONTANA";"VSaa/BM";16,99441633;-95,99963856;1768;259,9159;-0,670220667950514;0,742161880085448;31,837399;1368;17,1708335876465;8989;"Present";13;325;7,09350248354515;6,82307692307692;2,665942075;0,27613716790848;0,0453940214681748;0,0212413206083446;6,90342919771199;1,13485053670437;0,31475090769811;0,858740913006287;2,36018714118578;3;0;2;0;0;0;"2"
