"","site","municipality","mun_id","year","date","dec_date","state","state_id","land_tenure","longitude","latitude","temp","precip","altitude","average_slope","landform","aspect","aspect_gee","aspect_se_gee","slope_gee","slope_se_gee","primary_veg","sec_veg","plot_no","tree_no_ave","av_basalarea_site","se_basalarea_site","av_treeheight_site","se_treeheight_site","av_loreys_site","se_loreys_site","av_treedensity_site","se_treedensity_site","av_agb_site","se_agb_site","shannon","simpson","shannon_av_site","shannon_se_site","simpson_av_site","simpson_se_site","sp_richness_site","sp_richness_site_av","sp_richness_site_se","sp_richness_site_sd","agriculture","grazing","mosaic"
"1","64174","Tequila",168,2009,2009-08-29,2009.65753424658,"Veracruz de Ignacio de la Llave",30,"Propiedad Particular",-97.01636111,18.75113889,18.9833335876465,1816,1722,90,"Ladera","Norte",296.67416,NA,15.920587,NA,"BM","VSA",1,13,4.03542447778977,NA,5.57692307692308,NA,5.81891037562238,NA,325,NA,5.38581334717027,0.232756654714337,0,0,0,NA,0,NA,1,1,NA,NA,3,0,0
"2","64443","Tequila",168,2011,2011-05-20,2011.38082191781,"Veracruz de Ignacio de la Llave",30,"Comunal",-97.06555556,18.7075,16.4166660308838,1610,1903,90,"Ladera","Noreste",187.64006,6.83113851202956,21.3938993333333,1.06812566888691,"BQ","VSA",3,6.66666666666667,1.72516382599869,1.16741426022007,7.24404761904762,1.09928535330089,7.34274422981164,1.15812392526467,166.666666666667,92.7960727138337,5.42349880254388,0.577131090810392,0.848685557726417,0.493827160493827,0.265437213391271,0.265437213391271,0.149659863945578,0.149659863945578,3,1.66666666666667,0.666666666666667,1.15470053837925,2,0,0
"3","64444","Tequila",168,2012,2012-03-07,2012.18032786885,"Veracruz de Ignacio de la Llave",30,"Ejidal",-97.01808267,18.70586111,19.9375,1590,1245,50,"Ladera","Suroeste",204.267993333333,3.73044869741489,42.25257,1.57394937449176,"BM","VSA",3,12,4.76360811765053,3.36296450565143,6.80028180354267,0.273684966806269,7.2301005641117,0.381035313756748,300,142.156017576933,19.6646390688605,1.44898361233179,1.53239390290884,0.760802469135803,0.732305643157395,0.452988667726082,0.401456276692572,0.220421758525955,6,3,1.52752523165195,2.64575131106459,3,0,0
"4","65268","Mixtla de Altamirano",110,2012,2012-02-10,2012.10928961749,"Veracruz de Ignacio de la Llave",30,"Ejidal",-96.97558267,18.56863822,13.4291667938232,1827,2175,70,"Ladera","Sur",176.5351825,32.6327871540882,32.84374425,1.53801939560432,"BM","VSaa",4,3.5,1.56455607891329,1.08455948736527,6.26071428571429,0.523150288626314,6.50066129624225,0.617338166590885,87.5,29.7559517855952,8.54862471313468,1.30173023530517,1.06094424079075,0.642857142857143,0.410189160337222,0.248433868144218,0.264172335600907,0.156318741595292,3,1.75,0.478713553878169,0.957427107756338,NA,NA,0
"5","65558","Eloxochitlan",61,2011,2011-03-22,2011.21917808219,"Puebla",21,"Propiedad Particular",-96.92972156,18.52197156,20.658332824707,2089,1347,40,"Ladera","Norte",175.61731375,27.8027925961838,30.41567925,2.81328866707792,"BM","VSna",4,6.5,5.21134257380606,1.75946122848004,5.41201298701299,1.99042441039643,6.5220525507633,2.32947265855955,162.5,58.1843335157039,19.8910617939481,3.26781719129198,1.86474640497183,0.813609467455621,0.99860942941337,0.365809330014693,0.504507769016698,0.177120809111942,8,3.5,1.25830573921179,2.51661147842358,3,0,0
"6","65559","Eloxochitlan",61,2012,2012-03-06,2012.17759562842,"Puebla",21,"Ejidal",-96.88397189,18.519416,21.970832824707,2341,1051,35,"Ladera","Suroeste",181.6096975,12.3550187577521,33.5877185,1.95221654952883,"SAP","VSA",4,7.75,6.88826732326787,2.78573786768904,6.99602564102564,1.10181221381124,8.86774266491008,1.83044597993943,193.75,71.7163103252438,21.9825541279371,4.16112205553895,1.87443721834173,0.815816857440167,0.964903823548829,0.357756794902413,0.50706936226167,0.176362011362296,8,3.5,1.04083299973307,2.08166599946613,2,0,0
"7","65848","Eloxochitlan",61,2009,2009-08-20,2009.63287671233,"Puebla",21,"Propiedad Particular",-96.93138822,18.476666,21.1666660308838,2086,1260,70,"Ladera","Sureste",57.8770203333333,1.35256354861701,21.7922663333333,2.0839155852435,"BM","VSaa",3,18.3333333333333,8.53372434156621,1.97971563290051,8.55010351966874,0.458150266867784,9.87755197428469,1.04737798363637,458.333333333333,182.764268328844,30.3711248993213,2.54193015490994,1.84425187546724,0.753282028066999,1.25354378729834,0.308771108898253,0.640842781557067,0.125613204015364,12,4.66666666666667,1.20185042515466,2.08166599946613,3,0,0
"8","66139","Zoquitlan",217,2012,2012-03-04,2012.17213114754,"Puebla",21,"Ejidal",-96.92924933,18.43377744,19.5041656494141,2201,1597,45,"Ladera","Sureste",110.776128,58.5226790473496,19.993858,2.56289428849647,"BM","VSaa",4,30.75,10.8206152465892,7.99620088160851,5.24427822853279,1.80616176160918,5.92495833496915,2.15239537376296,768.75,507.585686526587,32.1719604626211,1.03626195112318,1.91740612433681,0.809835415427325,0.815506911803048,0.39110713226355,0.444861255686439,0.16327173967375,12,3.75,2.46221445044903,4.92442890089805,NA,NA,0.125
"9","66722","San Sebastian Tlacotepec",145,2010,2010-09-17,2010.7095890411,"Puebla",21,"Comunal",-96.84169411,18.33777744,21.5062503814697,2786.5,1222,90,"Barranca","Oeste",193.70842,126.5706,21.5368815,0.688826500000001,"BM","VSA",2,30.5,20.2984940140884,10.4501475182587,10.070697167756,2.35893246187364,16.618519027226,8.34732732490309,762.5,87.5,117.063629854354,10.6665029002986,2.33828026442736,0.878258532652513,2.01507631770145,0.259666503155445,0.838611455233267,0.0393034967557587,15,9.5,2.5,3.53553390593274,3,0,0.75
"10","67878","Santa Maria Teopoxco",434,2009,2009-08-05,2009.59178082192,"Oaxaca",20,"Comunal",-96.99052744,18.16163889,15.2208337783813,1456,2019,85,"Barranca","Noreste",290.65471,44.13304,31.151568,3.060441,"BM","VSaa",2,10,2.7087562625,1.8485469375,7.73333333333333,0.566666666666667,7.80885620047599,0.493846380084848,250,200,6.63718158611717,0.742901350769605,0.348832095843032,0.197530864197531,0,0,0,0,2,1,0,0,2,2,0
"11","67879","San Jeronimo Tecoatl",163,2010,2010-08-10,2010.60547945205,"Oaxaca",20,"Comunal",-96.94305522,18.16002778,15.4375,1595,2089,40,"Ladera","Este",203.858655,6.43369927845106,23.7596045,2.37913937126777,"BM","VSA",4,18.5,4.9852626625,2.43343795901914,5.64560276679842,0.559400942715699,5.92675664338318,0.684318042858342,462.5,255.868618630734,24.4465088426886,1.30031352305866,0.855323514034148,0.489773557341125,0.33990976892189,0.213039810307363,0.191955584370948,0.127587164889168,5,2,0.408248290463863,0.816496580927726,0,2,0.125
"12","67882","Huautla de Jimenez",41,2013,2013-04-28,2013.32054794521,"Oaxaca",20,"Comunal",-96.80133333,18.155,16.5583324432373,2174,1978,80,"Ladera","Suroeste",132.30617,NA,21.79508,NA,"BM","VSA",1,10,6.782204075,NA,9.37,NA,13.3404059594004,NA,250,NA,46.3812376142432,3.18142513303223,0.759547391474863,0.429752066115702,0.759547391474863,NA,0.429752066115702,NA,3,3,NA,NA,3,0,0
"13","67883","San Jose Tenango",171,2009,2009-08-03,2009.58630136986,"Oaxaca",20,"Propiedad Particular",-96.75416667,18.15363889,21.5625,3526,1278,70,"Ladera","Noreste",71.188736,NA,43.320755,NA,"BM","VSA",1,10,1.574511,NA,5.57,NA,5.29154245984944,NA,250,NA,1.84082046092535,0.126496955865589,0.336495757583516,0.188365650969529,0.348832095843032,NA,0.197530864197531,NA,2,2,NA,NA,2.5,2.5,0
"14","68142","San Lucas Zoquiapam",234,2013,2013-04-24,2013.3095890411,"Oaxaca",20,"Propiedad Particular",-96.94472189,18.115,15.1166667938232,1443,2061,49,"Ladera","Sureste",349.49753,NA,19.504921,NA,"BM","VSaa",1,2,0.8931962,NA,2.1,NA,2.32644101038495,NA,50,NA,2.15659047736771,0.254329716892288,0,0,0,NA,0,NA,1,1,NA,NA,3,0,0
"15","68146","Huautla de Jimenez",41,2012,2012-03-09,2012.18579234973,"Oaxaca",20,"Propiedad Particular",-96.75669444,18.11086111,20.4916667938232,2996,1600,25,"Ladera","Norte",216.0973825,48.0187609265376,30.05702125,1.96633078027687,"BM","VSA",4,17,5.90093111875,1.07895669735636,7.84427083333333,0.170216907423783,9.69755692291861,1.21307137381816,425,131.497781983829,19.8244781458542,2.47536478246856,1.51931573739452,0.719290657439446,0.990659054724594,0.171575573428387,0.571614583333333,0.0733224386734432,8,3.25,0.478713553878169,0.957427107756338,NA,NA,0
"16","68398","Huautepec",40,2009,2009-04-25,2009.31232876712,"Oaxaca",20,"Comunal",-96.80472222,18.065,22.8166656494141,2881,1248,70,"Ladera","Sur",44.831748,7.913192,20.6726395,2.4500485,"BM","VSaa",2,2.5,2.3366828625,2.3366828625,3.24,3.24,4.96787055784084,4.96787055784084,62.5,62.5,9.34604509454437,3.24386778171272,1.33217904021012,0.72,0.666089520105061,0.666089520105061,0.36,0.36,4,2,2,2.82842712474619,2,0,0
"17","69382","San Pedro Sochiapam",326,2009,2009-07-30,2009.57534246575,"Oaxaca",20,"Comunal",-96.66999933,17.87947156,19.6958332061768,2720,1620,70,"Ladera","Sur",270,NA,18.98425,NA,"BM","VSaa",1,23,5.898196775,NA,7.64782608695652,NA,8.02312946485242,NA,575,NA,26.6696573008312,0.480759321304522,0.955447141393767,0.519031141868512,0.955447141393767,NA,0.519031141868512,NA,4,4,NA,NA,2.5,0,0
"18","69613","Santa Maria Papalo",425,2010,2010-08-20,2010.63287671233,"Oaxaca",20,"Comunal",-96.76611111,17.83719411,13.2208337783813,1233,2464,70,"Ladera","Suroeste",140.07177,8.2344160658928,34.3643733333333,3.0422135629835,"BM","VSn",3,26.6666666666667,30.25401785,5.04077768595642,10.7371389140956,0.178000134498596,12.9048988882011,1.13277487238191,666.666666666667,98.2485510212633,172.72206540253,7.63648519673976,0.768780268704782,0.391403749428441,0.744827202733416,0.0848899311514115,0.395838230990888,0.0528790127286297,4,3.33333333333333,0.333333333333333,0.577350269189626,NA,NA,0.5
"19","69615","San Pedro Sochiapam",326,2012,2012-08-04,2012.59016393443,"Oaxaca",20,"Comunal",-96.671666,17.83388856,22.0416660308838,2654,1271,38,"Lomerio","Norte",343.09012,NA,27.241068,NA,"BM","VSaa",1,2,0.64192705,NA,7.8,NA,7.8,NA,50,NA,2.92163199157376,0.345598288825461,0,0,0,NA,0,NA,1,1,NA,NA,0,3,0
"20","70076","San Felipe Usila",136,2011,2011-05-28,2011.40273972603,"Oaxaca",20,"Comunal",-96.534083,17.73869411,22.4291667938232,2395,1011,20,"Ladera","Suroeste",229.53511,NA,37.759644,NA,"BM","VSaa",1,0,0,NA,0,NA,0,NA,0,NA,0,0,0.500402423538188,0.32,0,NA,0,NA,2,0,NA,NA,3.75,3.75,0
"21","70306","San Juan Bautista Valle Nacional",559,2011,2011-09-02,2011.66849315068,"Oaxaca",20,"Comunal",-96.44136078,17.68980522,21.5166664123535,2873,1164,70,"Ladera","Noroeste",342.3557,NA,29.273571,NA,"BM","VSA",1,32,16.794621275,NA,9.3875,NA,11.5734869080875,NA,800,NA,22.3498302654766,0.866366260464826,0,0,0,NA,0,NA,1,1,NA,NA,NA,NA,0.5
"22","70307","San Juan Bautista Valle Nacional",559,2012,2012-04-10,2012.27322404372,"Oaxaca",20,"Ejidal",-96.39099967,17.688583,22.470832824707,2877,1055,30,"Ladera","Sureste",188.14366,NA,35.02262,NA,"SAP","VSn",1,31,66.718322925,NA,16.4935483870968,NA,25.434998470437,NA,775,NA,758.792245139152,21.0164410031676,0.741748707886912,0.414151925078044,0.741748707886912,NA,0.414151925078044,NA,3,3,NA,NA,NA,NA,1
"23","70988","Ixtlan de Juarez",42,2012,2012-04-05,2012.25956284153,"Oaxaca",20,"Comunal",-96.35583333,17.55041667,17.1458339691162,3137,1230,30,"Ladera","Sureste",72.12206075,39.0944376176389,20.86138975,3.63795097946723,"SAP","VSn",4,58,17.99979209375,1.98604247580291,8.94326274954426,0.355872757378466,9.79718526632559,0.547917725743456,1450,230.714469998452,50.1355958004953,1.10440050459408,1.21515372690027,0.666468489892984,1.10240434390609,0.0660188656123764,0.601504284957018,0.0414358846529592,4,4,0,0,NA,NA,0.5
"24","71429","San Ildefonso Villa Alta",156,2012,2012-04-12,2012.27868852459,"Oaxaca",20,"Comunal",-96.16833267,17.45327778,21.404167175293,2539,1080,25,"Ladera","Noroeste",177.82445085,88.185319567455,14.19270375,1.92265851751602,"BM","VSaa",4,3.25,5.20855481875,0.816855828441726,7.76833333333333,0.504317470559083,8.34987742866829,0.315566350735071,81.25,15.7288217401474,8.50650854682482,3.68128631095238,1.07201696856319,0.568047337278107,0.443357690031953,0.151228026811911,0.302222222222222,0.104924036797782,4,1.75,0.25,0.5,4,0,0
"25","71647","Santiago Choapam",460,2009,2009-04-29,2009.32328767123,"Oaxaca",20,"Comunal",-95.98222156,17.40083333,20.158332824707,3079,1032,60,"Bajo","Sureste",352.04343,NA,6.096628,NA,"BM","VSn",1,8,6.67407395,NA,8.825,NA,10.1646545132303,NA,200,NA,14.5450954905387,1.27569769402544,1.05492016798614,0.64,1.05492016798614,NA,0.64,NA,3,3,NA,NA,NA,NA,0
"26","71648","Santiago Choapam",460,2010,2010-07-18,2010.54246575342,"Oaxaca",20,"Comunal",-95.93527744,17.39891633,19.341667175293,3349,1422,20,"Ladera","Norte",185.912226666667,27.7853368391563,38.24269,4.26781598705614,"BM","VSA",3,10.3333333333333,15.1500979333333,8.80793280055088,10.7945701357466,2.05035388458999,12.0349877633118,1.44270291727114,258.333333333333,120.185042515466,54.6597847785913,5.1812706556834,1.44211051431767,0.642578125,0.741708825081992,0.374015730469324,0.387884565590942,0.195382266399863,8,3.33333333333333,1.20185042515466,2.08166599946613,0,3,0.166666666666667
"27","71649","San Juan Lalana",205,2014,2014-09-24,2014.72876712329,"Oaxaca",20,"Comunal",-95.88516633,17.395583,22.0041675567627,2785,1086,80,"Lomerio","Sur",194.67427,NA,26.735292,NA,"BM","VSA",1,47,23.3921877,NA,11.5255319148936,NA,12.7696488242526,NA,1175,NA,198.920995134265,2.9895129620187,1.39575130654615,0.733363512901765,1.39575130654615,NA,0.733363512901765,NA,5,5,NA,NA,NA,NA,0.5
"28","71856","Villa Talea de Castro",280,2012,2012-07-26,2012.56557377049,"Oaxaca",20,"Comunal",-96.219166,17.365,21.6291675567627,2267,1184,88,"Ladera","Este",102.15350075,54.3220891329479,27.18972725,4.95973477645941,"BQP","VSA",4,24.75,24.0645529375,1.7558211062909,7.98417077175698,0.326079346424509,9.12596969103052,0.202868963045223,618.75,41.3004741699979,193.690201742186,4.7639745181332,0.828609820978518,0.3954,0.636811614836851,0.206204797455739,0.336088485346119,0.108699165507959,7,3.25,0.629152869605896,1.25830573921179,0,2,0.5
"29","71858","San Ildefonso Villa Alta",156,2009,2009-08-09,2009.60273972603,"Oaxaca",20,"Comunal",-96.12527711,17.36138889,19.8541660308838,2865,1336,40,"Lomerio","Oeste",147.03824,NA,7.3094964,NA,"BM","VSaa",1,21,10.32857925,NA,7.34761904761905,NA,9.43331961750693,NA,525,NA,46.3093615665252,1.04761308347321,1.52442598794906,0.684807256235828,1.52442598794906,NA,0.684807256235828,NA,7,7,NA,NA,4,0,0
"30","71859","Santo Domingo Roayaga",514,2014,2014-09-20,2014.71780821918,"Oaxaca",20,"Comunal",-96.07855489,17.36013889,16.5625,2320,1917,61,"Ladera","Oeste",331.24817,NA,24.725922,NA,"BM","VSA",1,22,40.492141675,NA,13.2545454545455,NA,19.8598545013241,NA,550,NA,377.172553149477,11.436637966788,1.21275564698884,0.603305785123967,1.21275564698884,NA,0.603305785123967,NA,5,5,NA,NA,NA,NA,1
"31","71861","San Juan Comaltepec",189,2012,2012-04-10,2012.27322404372,"Oaxaca",20,"Comunal",-95.98416633,17.35583333,20.7875003814697,2850,1264,38,"Ladera","Noreste",176.6927275,53.3237378413434,27.70063925,2.42105600596859,"BM","VSA",4,32.25,11.1639173375,2.09213225939939,10.091132518797,0.471673400786872,12.427078853685,1.28391210524159,806.25,137.831040891859,51.4928845826387,2.5713613879596,2.10569823021269,0.859443543056307,1.63513758218376,0.118849104912133,0.764810925928543,0.0351523578354923,11,6.5,0.645497224367903,1.29099444873581,NA,NA,0.375
"32","72073","Totontepec Villa de Morelos",554,2009,2009-08-08,2009.6,"Oaxaca",20,"Comunal",-96.030916,17.31336111,18.3958339691162,3006,1403,70,"Ladera","Sur",210.5368,39.412896485345,22.3124645,7.15028557892716,"BM","VSA",4,8.5,2.26021426875,0.645439790659155,6.83498376623377,0.654871315341781,7.62877444284412,1.0373639895076,212.5,69.5970545353753,8.26671857102294,1.02929290554381,1.35884315125816,0.641868512110727,0.791486189997733,0.288269928998265,0.436813490892225,0.164684001464314,6,3,0.707106781186548,1.4142135623731,3,0,0
"33","72074","Totontepec Villa de Morelos",554,2010,2010-07-19,2010.54520547945,"Oaxaca",20,"Comunal",-95.98605522,17.31052778,20.908332824707,2704,1155,30,"Ladera","Norte",166.887843333333,32.4042830870264,20.6746043333333,1.09071610782646,"BM","VSA",3,20.6666666666667,21.9822659083333,4.76556005972264,9.51649029982363,1.59282288066879,12.3187724509208,2.37407058959115,516.666666666667,93.9118972465387,104.009916217873,8.69962282098565,2.01815254420769,0.828824141519251,1.21548222032339,0.358789109872681,0.585500592555266,0.166356057036334,11,5,1,1.73205080756888,3,0,0.333333333333333
"34","72496","Totontepec Villa de Morelos",554,2009,2009-07-20,2009.54794520548,"Oaxaca",20,"Comunal",-96.08419411,17.22424933,16.5375003814697,1818,1868,70,"Ladera","Oeste",211.25395,7.5822283505961,33.95841825,4.46857258818991,"BM","VSn",4,48,35.69842285625,7.02855586112113,12.4991892478057,1.01577350592766,14.6875087242517,1.50856347902538,1200,339.576942680153,318.866587911249,12.1017345179189,0.773894447222528,0.414171006944444,0.461438146893846,0.249741413242439,0.250968421757813,0.132512724069569,6,2.75,1.10867789130417,2.21735578260835,0,2,0.625
"35","72497","Totontepec Villa de Morelos",554,2010,2010-05-28,2010.40273972603,"Oaxaca",20,"Comunal",-96.03722189,17.22222156,14.5791664123535,1585,2200,80,"Barranca","Noroeste",131.14536,NA,26.025671,NA,"BM","VSaa",1,22,8.586621075,NA,7.25909090909091,NA,7.55860026145383,NA,550,NA,23.7298240147728,0.450534069431562,0.708832947994361,0.417355371900826,0.708832947994361,NA,0.417355371900826,NA,3,3,NA,NA,NA,NA,0
"36","72498","Totontepec Villa de Morelos",554,2011,2011-08-12,2011.61095890411,"Oaxaca",20,"Comunal",-95.99030522,17.22027711,19.3916664123535,2821,1423,80,"Ladera","Sur",111.63778,NA,28.23908,NA,"BM","VSh",1,3,0.7005375,NA,6.7,NA,6.52858064343451,NA,75,NA,1.55172429532031,0.156570872597113,0.636514168294813,0.444444444444444,0.636514168294813,NA,0.444444444444444,NA,2,2,NA,NA,4,0,0
"37","72501","Santiago Zacatepec",502,2009,2009-04-30,2009.32602739726,"Oaxaca",20,"Comunal",-95.84944411,17.21444444,21.5,2728,1009,40,"Ladera","Sur",193.13958,35.4382995026685,20.0396896666667,0.0790479150185372,"BM","VSn",3,10.3333333333333,11.6508201666667,2.42222431969646,9.27166666666667,1.16193205959347,10.3556245951057,1.5393150431985,258.333333333333,79.4949334514122,48.4715382676191,4.85848506625811,2.10837241497807,0.856123662306778,1.42178247450939,0.0688405512092912,0.73469387755102,0.0231144410363555,10,4.66666666666667,0.333333333333333,0.577350269189626,2,0,0
"38","72708","Mixistlan de la Reforma",60,2012,2012-04-07,2012.2650273224,"Oaxaca",20,"Comunal",-96.08613856,17.178916,14.4416666030884,1366,2347,60,"Ladera","Oeste",156.19857,7.09480859904151,40.6211186666667,1.3106571204039,"BQP","VSn",3,55,23.560769475,4.97902759621936,7.76991748366013,0.461551286578512,9.53550968580354,1.55685693107801,1375,112.731243820572,154.052672296746,4.34851781592241,0.735900092096946,0.361212121212121,0.675205316796869,0.115903321208911,0.345511539732314,0.0604642888725386,5,3.66666666666667,0.333333333333333,0.577350269189626,NA,NA,0.5
"39","72712","Santiago Zacatepec",502,2011,2011-08-10,2011.60547945205,"Oaxaca",20,"Comunal",-95.89813856,17.171666,20.2250003814697,2695,1370,80,"Ladera","Noreste",143.992166666667,9.19878973215922,31.4946186666667,1.84315609043486,"BM","VSaa",3,9.66666666666667,4.15422280833333,1.87536307994856,6.88593073593074,0.728028010462709,7.03375395196928,0.743003454128607,241.666666666667,74.0682868109632,15.7639419539115,1.17929374988189,1.08811516317146,0.613555291319857,0.265437213391271,0.265437213391271,0.149659863945578,0.149659863945578,4,1.66666666666667,0.666666666666667,1.15470053837925,4,0,0
"40","72922","Santa Maria Tlahuitoltepec",437,2011,2011-11-10,2011.85753424658,"Oaxaca",20,"Propiedad Particular",-96.04113856,17.13194378,14.0666666030884,1288,2506,40,"Bajo","Noroeste",92.915615,72.424855,28.4264285,0.0442914999999999,"BM","VSA",2,9.5,6.1630730625,3.1045292625,7.05357142857143,0.103571428571429,8.5345015955128,1.3658674730943,237.5,62.5,23.2788694500868,1.42714142972787,1.40790923019412,0.689342403628118,1.11897021249654,0.144655459627189,0.616401627218935,0.0226516272189349,6,4,1,1.4142135623731,3,0,0
"41","72926","Santa Maria Alotepec",394,2010,2010-07-02,2010.49863013699,"Oaxaca",20,"Comunal",-95.85338889,17.12444378,21.341667175293,2547,1226,30,"Ladera","Sureste",73.534478,14.0484401854127,47.5730125,1.26671107789599,"BM","VSA",4,10.25,8.44405134375,1.24145629575887,10.1934523809524,0.579622245327861,14.9830246302234,1.17683386892519,256.25,41.3004741699979,60.5628888680159,9.47771079594773,1.38867578494078,0.699583581201666,0.909590059836075,0.180178557118479,0.517237103174603,0.0957707195097967,6,3.25,0.478713553878169,0.957427107756338,2,0,0
"42","72927","San Juan Cotzocon",190,2014,2014-08-11,2014.60821917808,"Oaxaca",20,"Comunal",-95.80663889,17.12324933,21.3041667938232,2398,1397,30,"Lomerio","Este",230.021186666667,115.054722883085,13.1890654666667,8.06536575921322,"BM","VSA",3,15,2.9589945,1.64168290305208,6.55626780626781,0.228654488560799,6.85914040272519,0.444212491853455,375,184.2778698958,12.9406300948538,0.527842555898606,1.40658088194653,0.657777777777778,0.557653455881899,0.364046497023123,0.265492974894684,0.171538830991185,8,3.33333333333333,1.45296631451356,2.51661147842358,0,2,0
"43","72929","San Juan Cotzocon",190,2014,2014-08-13,2014.61369863014,"Oaxaca",20,"Comunal",-95.713,17.11936044,22.0750007629395,2265,1192,65,"Lomerio","Este",38.5052843333333,0.518562123622082,8.89138766666667,2.82631023029098,"BM","VSA",3,0.666666666666667,2.33518395,2.17138217169708,7.03333333333333,3.74892577206384,7.03333333333333,3.74892577206384,16.6666666666667,8.33333333333333,9.33448961325839,0,0.693147180559945,0.5,0,0,0,0,2,0.666666666666667,0.333333333333333,0.577350269189626,0,3,0
"44","73136","Santiago Atitlan",454,2011,2011-08-14,2011.61643835616,"Oaxaca",20,"Ejidal",-95.94916633,17.08299933,18.2374998728434,2137.66666666667,1352,80,"Ladera","Noreste",57.5119833333333,20.2727068225462,29.184937,3.32337821664076,"BM","VSA",3,8,6.36544449166667,3.43255028839024,7.02172619047619,0.268420208451206,8.10537194229956,0.452300041442785,200,108.972473588517,26.5313837735074,2.97111943856778,1.2827106518558,0.697916666666667,0.555664869261129,0.291118356292473,0.358577806122449,0.181424303050794,4,2,0.577350269189626,1,3,0,0
"45","73137","Santiago Atitlan",454,2012,2012-07-30,2012.57650273224,"Oaxaca",20,"Comunal",-95.90541667,17.07986044,18.7333335876465,2063,1505,35,"Ladera","Oeste",83.02266425,35.1263427546636,42.055091,3.85622680014443,"BQ","VSna",4,15.5,7.31555421875,2.56296301464659,4.94151785714286,1.64835025218863,5.93949246723621,1.99564168214692,387.5,141.972708645007,38.601727636448,2.44113189008162,1.1378366187655,0.661290322580645,0.772658741527105,0.262150680851423,0.451282596371882,0.153385239112705,4,2.5,0.866025403784439,1.73205080756888,3,0,0
"46","73348","Asuncion Cacalotepec",3,2010,2010-07-23,2010.55616438356,"Oaxaca",20,"Comunal",-95.90416667,17.03613856,20.3333339691162,2035,1600,50,"Ladera","Este",249.2840075,23.6392692962717,24.54350425,2.80318498692518,"BM","VSaa",4,13,9.29590608125,3.26031938438464,6.88443813131313,1.35422325446563,8.68483587259665,2.17584478622115,325,119.460593223595,36.9900869547789,5.38274142615804,1.68654560545996,0.719478737997256,0.898571069080633,0.38581972691175,0.428169354884422,0.175808980046707,10,4,1.22474487139159,2.44948974278318,2,0,0
"47","73353","San Juan Mazatlan",207,2010,2010-07-19,2010.54520547945,"Oaxaca",20,"Comunal",-95.66997156,17.02638822,21.7124996185303,1771,1100,40,"Ladera","Sureste",128.086765,14.7194921416244,26.7635485,0.523742846231733,"BM","VSaa",4,5.5,5.0297015625,1.79073058659197,8.83727272727273,0.631823849985475,12.2966643487488,3.1610654602231,137.5,51.5388203202208,40.0002141052698,20.0614132541857,1.15819725468005,0.650205761316872,0.626952714120119,0.22642812340401,0.393871848542178,0.138108299922226,4,2.25,0.478713553878169,0.957427107756338,0,2,0
"48","73556","Santa Maria Tepantlali",435,2011,2011-05-22,2011.38630136986,"Oaxaca",20,"Comunal",-96,16.99469411,17.1708335876465,1368,1768,60,"Ladera","Noroeste",71.0199674,62.9655042451516,31.8092085,1.91345001672182,"BM","VSaa",4,15.25,5.483029525,1.25067892693183,8.14561298076923,0.500067819062665,9.20590593525947,0.790743266070858,381.25,142.658902631417,23.5525497198588,2.90671609453916,1.48318493136453,0.714100346020761,0.819666962293818,0.24519694138363,0.433921974171206,0.125437036881512,7,3.5,0.645497224367903,1.29099444873581,0,2,0.125
"49","73768","San Miguel Quetzaltepec",275,2013,2013-05-12,2013.35890410959,"Oaxaca",20,"Comunal",-95.81447222,16.94194411,20.8624992370605,1451,1283,40,"Lomerio","Sureste",289.76244,7.1241534702693,35.548146,0.747007584715623,"BM","VSA",4,25.5,12.9691767375,7.63997484699947,8.50427773497689,0.416406906097763,9.31052126051928,0.808277349978299,637.5,283.670142947755,44.1702393921545,2.23033382360065,2.08292514833151,0.854479046520569,1.45815870692847,0.110712005119545,0.732134708580675,0.0318500068360842,11,5.5,0.645497224367903,1.29099444873581,2,0,0.125
"50","73983","Guevea de Humboldt",36,2010,2010-07-18,2010.54246575342,"Oaxaca",20,"Comunal",-95.39524967,16.87888822,22.5208339691162,1183,1124,65,"Ladera","Sureste",111.567289,103.306381,13.2146755,3.2617705,"BM","VSn",2,26.5,37.3183067625,13.1534004125,12.1798433048433,0.968304843304843,17.8181330159303,3.87255611935356,662.5,12.5,345.062107286408,25.6504197022201,2.12634315878167,0.849412602349591,1.87039431216236,0.301885675827231,0.799902192352335,0.0728788727364226,12,8.5,1.5,2.12132034355964,NA,NA,0.75
"51","74187","Guevea de Humboldt",36,2009,2009-04-02,2009.24931506849,"Oaxaca",20,"Comunal",-95.35052778,16.83169378,22.3999996185303,1105,1100,60,"Ladera","Noreste",350.24767,1.24594758719352,25.7127203333333,0.103837333333333,"BM","VSn",3,19.6666666666667,14.0957671333333,2.31071715750547,9.30190272690273,0.400321729204815,11.2626533660423,1.00206872928951,491.666666666667,110.239637961025,52.625834143921,3.56594995549663,2.38625071823537,0.877126654064272,1.78983345054468,0.148635142039205,0.78980470474319,0.0315498977971782,16,7.66666666666667,1.20185042515466,2.08166599946613,0,2,0.166666666666667
"52","64985","Texhuacan",171,2013,2013-05-28,2013.40273972603,"Veracruz de Ignacio de la Llave",30,"Comunal",-97.021416,18.61555556,18.8041667938232,1691,1582,38,"Ladera","Oeste",161.00454,16.8272216926359,24.50431925,4.28773473931073,"BQP","VSA",4,42.25,27.246910288641,7.75880174292475,10.6079193722944,0.572128732089515,13.4222564880507,1.21252349991833,1056.25,258.274522875693,210.528107475047,6.23134114675431,1.47118700033662,0.657399950982108,1.22322930814062,0.171726272230795,0.630265297923577,0.0599212890586301,10,5.25,0.75,1.5,0,0,0.375
"53","64987","Zongolica",201,2010,2010-10-12,2010.77808219178,"Veracruz de Ignacio de la Llave",30,"Ejidal",-96.92638822,18.61211111,19.8125,2116,1693,60,"Ladera","Suroeste",142.675726,16.352274,24.68677675,0.604564750000001,"BM","VSn",4,25.5,16.1788530971167,1.41390116937622,7.6317421648304,0.573977391515207,11.1280655686331,2.05900600039495,637.5,106.311256851442,66.7513290152456,5.72805104309831,1.74319155668783,0.732218377547097,1.34581666664278,0.153697542239281,0.640962331024665,0.0771321527614449,11,6,0.408248290463863,0.816496580927726,0,0,0.375
"54","66428","Ajalpan",10,2009,2009-08-22,2009.63835616438,"Puebla",21,"Ejidal",-96.98222156,18.38777744,11.091667175293,1426,2244,10,"Ladera","Oeste",237.6049925,17.125080472742,16.4130515,1.56414927513001,"BM","VSn",4,13.25,5.69846480937619,1.66779947854167,8.166875,0.762193348705029,8.96660266174143,1.10821994274592,331.25,53.4000234082346,27.3528406003041,3.96486077781587,1.0438046733949,0.549556213017752,0.951455475988347,0.0798016884380369,0.528047445830184,0.0520720449835035,4,3.5,0.288675134594813,0.577350269189626,0,0,0
"55","66429","Zoquitlan",217,2014,2014-09-30,2014.74520547945,"Puebla",21,"Comunal",-96.93497189,18.38680522,14.6958332061768,2137,2163,55,"Barranca","Suroeste",265.668865,22.704055,25.328949,2.767504,"BP","VSA",2,26.5,8.58515814668663,1.89678992973855,8.14367816091954,0.722988505747127,8.59101250002744,1.10967323674982,662.5,62.5,22.1433057434402,0.763524001935561,0.390313134648621,0.229263082947668,0.301818625750163,0.301818625750163,0.206597222222222,0.206597222222222,2,1.5,0.5,0.707106781186548,0,0,0
"56","66432","San Sebastian Tlacotepec",145,2014,2014-10-06,2014.76164383562,"Puebla",21,"Propiedad Particular",-96.79305522,18.38211044,22.1625003814697,3186,1064,70,"Barranca","Este",59.4191215,5.1679085,24.4498725,1.2624425,"SMQ","VSA",2,23,20.9215239718757,1.96868300061127,10.5260869565217,0.0434782608695654,14.2299307514799,0.828628034195254,575,0,108.692783041717,5.80584717744406,1.97721481730337,0.822306238185255,1.64682521798576,0.0261487889336116,0.76937618147448,0.00189035916824198,10,6.5,0.5,0.707106781186548,0,0,0.5
"57","67308","Coyomeapan",36,2009,2009-08-06,2009.59452054795,"Puebla",21,"Comunal",-96.93972189,18.25055556,13.7458333969116,1853,2468,60,"Ladera","Este",126.787665,9.47370833016081,28.1566025,0.822600885393853,"BPQ","VSaa",4,29.25,12.7392469479092,2.16224841647201,7.04149739374499,0.461763161510708,9.48967985863687,1.26276520600946,731.25,123.480345939479,45.6141085834431,2.74190986539811,0.916281612668144,0.507853020673533,0.886193197751452,0.125076415657497,0.504394175178407,0.06789821078156,4,3.5,0.288675134594813,0.577350269189626,0,0,0.375
"58","67311","Santa Maria Chilchotla",406,2012,2012-03-13,2012.19672131148,"Oaxaca",20,"Propiedad Particular",-96.79774967,18.245583,21.7625007629395,3204,1345,25,"Lomerio","Sureste",54.76443725,23.329314863426,18.3248855,3.04562582458399,"BM","VSA",4,16.5,11.13263260625,4.2090107066324,8.74279314888011,0.863998823893049,9.96753255800302,0.792796517673419,412.5,155.623744974859,49.2302126430691,4.66545981942395,2.01947432809557,0.836798991808444,1.03930266521608,0.359826195299875,0.51834464250687,0.17582982377381,10,4.5,1.3228756555323,2.64575131106459,0,0,0.25
"59","67604","Santa Maria Chilchotla",406,2010,2010-09-23,2010.72602739726,"Oaxaca",20,"Ejidal",-96.79972189,18.20052778,18.9916663169861,2719.25,1550,50,"Lomerio","Noroeste",136.6510075,8.91179914608004,17.697589,6.8489149934188,"BM","VSA",4,31.75,16.23185664375,7.2077735716082,7.68753205128205,0.642562549398792,9.29015350034334,1.11454581764632,793.75,299.717749168558,64.1674401972057,2.5520983626018,2.41257785777952,0.897761795523591,1.75764881864917,0.252752532118838,0.788558970706407,0.0523471927632597,15,8,1.91485421551268,3.82970843102535,0,0,0.25
"60","68147","San Bartolome Ayautla",116,2014,2014-09-24,2014.72876712329,"Oaxaca",20,"Comunal",-96.70888889,18.10741667,19.8250007629395,3180,1383,45,"Barranca","Este",207.74101,NA,20.755224,NA,"BM","VSna",1,38,23.264353875,NA,9.64473684210526,NA,10.7660988362609,NA,950,NA,69.3314323758289,1.25768480760478,1.07547827829587,0.53185595567867,1.07547827829587,NA,0.53185595567867,NA,5,5,NA,NA,0,0,0.5
"61","68148","San Jose Tenango",171,2009,2009-05-03,2009.33424657534,"Oaxaca",20,"Comunal",-96.66138889,18.105,17.6416664123535,2987,1788,30,"Ladera","Este",229.632858533333,111.073321466667,11.792252,4.0066666955506,"BM","VSn",3,26.3333333333333,23.9097561416667,5.22933506473685,12.5552631578947,0.211355554969819,14.7718679233478,0.0685323178982555,658.333333333333,91.6666666666667,72.9918946469419,4.64626018840387,1.61847923022736,0.740428402766065,1.46473934878208,0.0604115895120232,0.716734573777205,0.0229411822915502,8,6,0.577350269189626,1,0,0,0.5
"62","68397","Mazatlan Villa de Flores",58,2013,2013-04-25,2013.31232876712,"Oaxaca",20,"Propiedad Particular",-96.85194444,18.06669378,22.372917175293,2410.5,1106,94,"Barranca","Norte",215.616615,3.36020500000001,23.6705405,5.8798035,"BM","VSA",2,9.5,13.1496184375,10.1988117375,12.325,1.875,14.3638000790692,3.25068618296067,237.5,137.5,75.8801294649451,6.12722663856274,1.31994550100933,0.681440443213296,1.05864707186606,0.0189263010261397,0.601388888888889,0.0236111111111111,5,3.5,0.5,0.707106781186548,0,0,0.5
"63","68399","Huautepec",40,2010,2010-08-09,2010.60273972603,"Oaxaca",20,"Comunal",-96.75744444,18.06333333,16.2083339691162,2012,2319,30,"Ladera","Noreste",168.06902,10.6176930410699,45.086525,5.03090540025764,"BM","VSaa",4,39.75,23.7237660125,2.29884193902189,9.83119154080551,0.378838258999914,12.0899997664562,0.920134999646168,993.75,75.2599661174519,143.360986124129,6.15329488014267,2.15407219178698,0.849586776859504,1.72936115723318,0.130551958715344,0.786481833925435,0.0310660419644731,14,7.5,0.645497224367903,1.29099444873581,0,0,0.5
"64","68400","San Juan Coatzospam",187,2014,2014-09-25,2014.73150684932,"Oaxaca",20,"Comunal",-96.71055556,18.06238889,16.4458332061768,2268,1933,90,"Lomerio","Norte",52.729744,NA,37.613262,NA,"BM","VSA",1,7,7.898984075,NA,10.1857142857143,NA,14.6200198713529,NA,175,NA,37.7775195338907,3.6675995506574,0.598269588585257,0.408163265306122,0.598269588585257,NA,0.408163265306122,NA,2,2,NA,NA,0,0,0
"65","68901","San Andres Teotilalpam",98,2013,2013-04-30,2013.32602739726,"Oaxaca",20,"Comunal",-96.66674933,17.96947156,18.2406244277954,2619,1926,55,"Terraza","Oeste",131.3385925,17.9740103657783,13.185148,1.35663996942901,"BM","VSA",4,50.25,28.98656485,8.27166007923693,10.7022264901767,1.36666479758519,13.1632784406819,2.25239236438277,1256.25,132.041265645757,214.347653799156,8.33205655728354,2.05854387161678,0.80346526244267,1.52105290508796,0.0860472856118099,0.675298067508926,0.0311025811317096,18,9,1,2,0,0,0.625
"66","68902","San Pedro Teutila",330,2009,2009-05-01,2009.32876712329,"Oaxaca",20,"Comunal",-96.62133267,17.96655556,18.9958343505859,3102,1840,60,"Ladera","Noroeste",315.26491,41.490180829534,18.4536956666667,7.10308063042148,"BM","VSA",3,30,33.5508510833333,3.06270253184981,11.06633640553,0.228249660090672,14.2908354956293,0.156116085758114,750,80.363756341608,182.993082890478,5.53315922516653,1.96430416363754,0.836482741244646,1.60260272523517,0.11981134406948,0.753445966311226,0.0564516624768125,9,6,0,0,0,0,0.5
"67","69146","San Andres Teotilalpam",98,2014,2014-09-09,2014.68767123288,"Oaxaca",20,"Comunal",-96.62136044,17.92349933,22.0541667938232,3379,1098,96,"Ladera","Sur",270,NA,31.377764,NA,"BM","VSA",1,26,16.62515115,NA,9.88461538461539,NA,13.3738413070007,NA,650,NA,82.7345881486316,1.98538568915169,1.01233083910317,0.615384615384615,1.01233083910317,NA,0.615384615384615,NA,3,3,NA,NA,0,0,0.5
"68","69379","Concepcion Papalo",19,2011,2011-05-11,2011.35616438356,"Oaxaca",20,"Comunal",-96.81161111,17.88422189,11.8041667938232,1107,2610,70,"Ladera","Norte",347.18564,0.334900000000005,17.086875,2.536153,"BM","VSna",2,19,23.542895825,5.72614135,12.0875,1.8625,18.6610534534962,1.08304955533757,475,225,152.875507240089,12.108329994302,0.974674417255843,0.569204152249135,0.907955526354022,0.0100098014972425,0.530416666666667,0.00958333333333339,4,3.5,0.5,0.707106781186548,0,0,1
"69","69381","San Francisco Chapulapa",139,2013,2013-04-27,2013.31780821918,"Oaxaca",20,"Comunal",-96.71724933,17.88080489,20.1333332061768,2541,1392,58,"Ladera","Oeste",314.11619,31.59609,25.7268385,1.8696985,"BM","VSA",2,25,7.593453325,7.368652225,8.48469387755102,2.48469387755102,9.17697116942542,3.17697116942542,625,600,30.3364779550767,0.734670312670487,1.47847721727631,0.664,0.733599177835182,0.733599177835182,0.327780091628488,0.327780091628488,8,4.5,3.5,4.94974746830583,0,0,0.25
"70","69612","Concepcion Papalo",19,2009,2009-07-29,2009.57260273973,"Oaxaca",20,"Comunal",-96.81341667,17.83891633,10.5833330154419,1102,2701,60,"Ladera","Noroeste",241.3427175,59.9594382924396,21.7458845,3.18710805459575,"BM","VSaa",4,26.5,28.4966486625,4.91973827846074,15.0037918697844,1.9519418470659,20.1679433341687,1.95352037876059,662.5,197.246672975744,161.788813286783,12.5358318175839,1.49734426605672,0.721329639889197,1.16236738944825,0.104840352826649,0.615274860713546,0.0460136074557705,8,4.5,0.5,1,0,0,0.875
"71","69842","San Juan Tepeuxila",220,2013,2013-05-09,2013.35068493151,"Oaxaca",20,"Comunal",-96.76780489,17.79219411,12.5500001907349,1121,2413,20,"Lomerio","Este",77.14678325,26.4503607559086,17.793977,3.15134261798708,"BM","VSA",4,34.25,23.6244641,2.00459973876194,9.96012246852764,0.145907331890977,12.3299250348951,0.538742887283613,856.25,44.9247055267663,127.815994686116,6.05331806690646,1.68229481890431,0.770952101870105,1.49654020402761,0.0857463092559974,0.742216696025904,0.0261882077600568,9,5.5,0.288675134594813,0.577350269189626,0,0,0.5
"72","69843","San Juan Tepeuxila",220,2009,2009-07-31,2009.57808219178,"Oaxaca",20,"Comunal",-96.72055489,17.79061078,16.5166664123535,1876,1826,80,"Ladera","Sur",175.507333333333,9.0595914321514,30.5855536666667,1.07638466666667,"BM","VSn",3,18.3333333333333,15.5263972833333,6.62902671578203,12.0035357624831,0.619955228562519,15.4160103894445,0.512173874241965,458.333333333333,115.770366578748,72.8774208729725,6.40397231345188,1.83048322509934,0.756081525312295,1.2998441161921,0.270502230471627,0.636432350718065,0.0870049572157854,11,5.33333333333333,1.45296631451356,2.51661147842358,0,0,0.333333333333333
"73","69844","San Juan Tepeuxila",220,2010,2010-09-11,2010.69315068493,"Oaxaca",20,"Ejidal",-96.67358267,17.78888856,17.4125003814697,2328,1825,40,"Lomerio","Norte",188.157976666667,15.4697433333333,10.653734,0,"BM","VSA",3,42.6666666666667,34.2212675833333,3.70303380257368,11.0183789260385,0.421306158449236,13.0216003538691,0.60852677514084,1066.66666666667,286.623058698664,152.297682586236,5.51949018440215,1.67084012819643,0.7452392578125,1.51939235465897,0.196723164704025,0.725442664465817,0.0481690419302862,11,6.66666666666667,1.45296631451356,2.51661147842358,0,0,0.5
"74","70072","San Juan Tepeuxila",220,2012,2012-08-03,2012.58743169399,"Oaxaca",20,"Comunal",-96.72252711,17.74527744,13.8291664123535,1176,2355,25,"Lomerio","Suroeste",113.79242675,38.0990799731026,26.763757,4.85803023021818,"BQP","VSA",4,33.5,42.91495313125,8.21187029513051,13.5247683211098,0.929914351985473,22.3325100887423,1.80519039761177,837.5,112.5,335.084163042521,17.1684078167276,1.41472504304086,0.694809534417465,1.04179682107495,0.111406710918584,0.537149938041729,0.0572011791249402,6,4.5,0.288675134594813,0.577350269189626,0,0,1
"75","70073","San Juan Quiotepec",214,2013,2013-05-06,2013.34246575342,"Oaxaca",20,"Comunal",-96.67527711,17.74361078,14.2624998092651,1426,2115,40,"Ladera","Noreste",37.72713,0,21.24939,0,"BM","VSA",4,34.5,29.12439796875,3.56339949553635,11.9825757694023,0.614111212172272,19.9201157460353,1.99849578551239,862.5,233.296127986157,192.38962183119,14.8158458061657,2.14544620192231,0.833123293425751,1.62616611591198,0.145773273928895,0.741910489391958,0.0603476605803952,15,7.25,0.478713553878169,0.957427107756338,0,0,0.875
"76","70302","San Juan Quiotepec",214,2012,2012-03-17,2012.20765027322,"Oaxaca",20,"Comunal",-96.63005489,17.69686078,17.5666675567627,2375,1847,73,"Ladera","Norte",215.6487275,18.6251045070497,22.85775425,1.96724850483229,"BM","VSn",4,72.25,36.55845105625,7.44065483341854,10.0897628034091,1.13067952534249,14.0863733563282,1.85083015917494,1806.25,444.101973087263,195.707974412032,5.03976462253077,1.41992098892849,0.676290523874569,1.05044412400499,0.139178936321138,0.569209185089691,0.0651810655015982,11,5,0.408248290463863,0.816496580927726,0,0,0.625
"77","70304","San Felipe Usila",136,2014,2014-09-18,2014.71232876712,"Oaxaca",20,"Comunal",-96.536083,17.69402744,20.283332824707,2592,1263,96,"Ladera","Sureste",313.60513,NA,26.455505,NA,"BM","VSna",1,20,31.2656536,NA,14.505,NA,19.8279655218051,NA,500,NA,259.394782189882,10.6325543873223,1.88759203792474,0.825,1.88759203792474,NA,0.825,NA,8,8,NA,NA,0,0,1
"78","70531","San Felipe Usila",136,2012,2012-04-08,2012.26775956284,"Oaxaca",20,"Comunal",-96.53747189,17.648333,13.4624996185303,1466,2330,30,"Ladera","Sureste",172.52532275,53.7173228977862,17.47692875,0.782226086545781,"BM","VSn",4,31,26.82605848125,10.7835744548009,12.9321718113976,0.966216342654526,14.8584432313769,0.628241478516814,775,372.910847254407,120.752244133653,7.09567536893544,0.510635883151642,0.23167044595616,0.443983069481063,0.0375417571882754,0.241591337049323,0.0223185552389191,4,2.5,0.288675134594813,0.577350269189626,0,0,0.25
"79","70760","San Pedro Yolox",336,2014,2014-10-05,2014.75890410959,"Oaxaca",20,"Comunal",-96.44524967,17.60044444,19.6458339691162,2529,1628,78,"Ladera","Noroeste",205.65236,NA,45.299202,NA,"BM","VSA",1,29,23.407884725,NA,10.7344827586207,NA,13.5368622891448,NA,725,NA,139.766211607881,3.89625129113452,1.56210663618065,0.782401902497027,1.56210663618065,NA,0.782401902497027,NA,5,5,NA,NA,0,0,0.5
"80","70980","San Juan Bautista Atatlahuca",175,2009,2009-06-29,2009.4904109589,"Oaxaca",20,"Comunal",-96.729416,17.56472222,11.8458337783813,1026,2573,60,"Ladera","Noroeste",235.75786,48.5934277041956,27.030901,3.2625162450711,"BM","VSn",4,25.75,20.0543833125,2.60332838061336,8.14925551470588,0.78766820665059,10.8643882033257,1.06823972421347,643.75,106.25,118.552722003529,7.38086143170507,1.49869756981032,0.742200018851918,1.32484543377759,0.152581369956346,0.69542961991782,0.0496227935020003,6,4.75,0.629152869605896,1.25830573921179,0,0,0.5
"81","70986","Ixtlan de Juarez",42,2010,2010-07-30,2010.57534246575,"Oaxaca",20,"Comunal",-96.44705522,17.55455556,11.7666664123535,1362,2598,70,"Barranca","Oeste",57.1216125,3.3092725,27.7304405,7.1573125,"BM","VSA",2,13.5,18.1427601375,0.311077212499999,8.19235294117647,1.22764705882353,16.3305115775174,5.23748413083857,337.5,87.5,130.923459148308,11.6355113144439,1.74574051992224,0.806584362139918,1.19769623276136,0.254347840432322,0.660242214532872,0.080242214532872,7,4,1,1.4142135623731,0,0,0.5
"82","71212","Ixtlan de Juarez",42,2010,2010-08-12,2010.61095890411,"Oaxaca",20,"Comunal",-96.35477778,17.50583333,18.0416660308838,2668,1609,70,"Ladera","Este",210.764655,75.773125,21.0676935,7.0084095,"BM","VSA",2,36.5,13.913871625,4.065132325,8.09143939393939,1.60356060606061,9.20796155112113,2.13715964147976,912.5,87.5,51.0641388869662,1.35766478938389,1.96739928343255,0.827377777777778,1.75267346123531,0.056431355124745,0.766862244897959,0.0256377551020408,10,8,0,0,0,0,0.25
"83","71213","Ixtlan de Juarez",42,2014,2014-08-25,2014.64657534247,"Oaxaca",20,"Comunal",-96.30769,17.50506,20.658332824707,2636,1517,50,"Ladera","Sureste",216.81244,NA,30.274147,NA,"BM","VSA",1,38,33.27451195,NA,10.9131578947368,NA,12.4958307075185,NA,950,NA,171.786265537231,3.26040196345617,1.43502484674436,0.677285318559557,1.43502484674436,NA,0.677285318559557,NA,7,7,NA,NA,0,0,0.5
"84","71424","Ixtlan de Juarez",42,2012,2012-03-18,2012.21038251366,"Oaxaca",20,"Comunal",-96.40366667,17.46241667,11.8625001907349,1324,2695,60,"Lomerio","Noroeste",130.019614,44.9450665953854,23.3084735,3.6956779174765,"BM","VSn",4,33.75,51.0811941,6.57010421145116,14.623547979798,0.432455932452269,24.9185568851404,1.007784167236,843.75,113.823236497064,414.524133177759,19.2913254095828,1.14528614711565,0.628754463348036,0.833857134092079,0.163796124180081,0.47386807186988,0.0973232057106918,6,3.5,0.5,1,0,0,1
"85","71431","San Juan Petlapa",212,2009,2009-07-19,2009.54520547945,"Oaxaca",20,"Comunal",-96.07444378,17.44969411,16.4916667938232,2850,1934,40,"Lomerio","Noroeste",185.654122,167.516318,15.4532015,1.5749475,"BM","VSA",2,23.5,16.916872575,3.29152445,11.5064935064935,0.479220779220779,14.2930140215385,1.58250950788324,587.5,237.5,79.8660886609043,4.23550116639756,2.16977537255305,0.865451388888889,1.88832664459341,0.271273492083851,0.815500459136823,0.0421671258034895,11,8.5,2.5,3.53553390593274,0,0,0.25
"86","71637","Ixtlan de Juarez",42,2009,2009-07-04,2009.50410958904,"Oaxaca",20,"Comunal",-96.44955522,17.41719378,12.6708335876465,1253,2336,50,"Ladera","Oeste",317.03522,0,15.716253,0,"BPQ","VSA",4,20.5,41.12215431875,7.99273547477985,16.5483462732919,1.03139365393995,22.7563583564314,0.960525303383768,512.5,59.947894041409,260.936793613222,21.5596196824189,1.64522875000964,0.759471621425461,1.25643519708096,0.245855612968736,0.638353234614577,0.0843073981990314,8,5,1.22474487139159,2.44948974278318,0,0,1
"87","71639","Ixtlan de Juarez",42,2011,2011-05-22,2011.38630136986,"Oaxaca",20,"Comunal",-96.35875,17.41538889,20.1833324432373,2070,1261,90,"Barranca","Este",320.3243,NA,49.091984,NA,"BM","VSna",1,4,12.869132125,NA,19.475,NA,22.8482368606111,NA,100,NA,89.5353321304531,8.92249745874848,0.450561208866305,0.277777777777778,0.450561208866305,NA,0.277777777777778,NA,2,2,NA,NA,0,0,1
"88","71643","San Juan Yatzona",223,2010,2010-08-14,2010.61643835616,"Oaxaca",20,"Comunal",-96.17027711,17.40836111,20.2416667938232,2793.5,1363,50,"Ladera","Este",175.7011925,69.4903220815839,26.0699075,1.08550710841665,"BM","VSA",4,16.25,9.22330073125,0.99544453175015,8.27457107843137,0.554498444972554,11.8057704575762,0.792093398196055,406.25,70.9863543225034,38.7530275130112,4.32470860615362,1.89761621376338,0.811834319526627,1.39393836417447,0.149808276684445,0.713718882160707,0.0416983195540435,10,5,0.707106781186548,1.4142135623731,0,0,0
"89","71645","San Juan Petlapa",212,2012,2012-04-11,2012.27595628415,"Oaxaca",20,"Comunal",-96.07777711,17.40641667,17.6083335876465,2950,1522,20,"Ladera","Este",246.676783333333,104.773183100624,33.9801046666667,1.03515379022078,"BM","VSA",3,13.3333333333333,11.5696605083333,2.87750649296733,7.40659340659341,0.828009642333814,8.79638953733478,0.754678330426168,333.333333333333,8.33333333333333,59.0066918381783,4.43375013512288,1.72022481448542,0.785,1.2479116547307,0.254117927357882,0.65243730628346,0.0979161218709364,7,4.33333333333333,0.881917103688197,1.52752523165195,0,0,0
"90","71851","Ixtlan de Juarez",42,2012,2012-03-17,2012.20765027322,"Oaxaca",20,"Comunal",-96.45436111,17.37413822,11.2124996185303,1172,2730,10,"Terraza","Suroeste",295.777195,10.1929674096159,15.75136425,3.27627165198462,"BM","VSn",4,32.5,38.05492025,7.90309846506159,11.0411709001783,1.30665758993603,18.2476086695715,3.46591638682121,812.5,158.278499276855,283.929816750357,16.7488910156336,1.55755013154186,0.768211182891513,1.27772998148691,0.155567466748421,0.67658489898662,0.050146102162797,6,4.5,0.645497224367903,1.29099444873581,0,0,0.75
"91","71853","Ixtlan de Juarez",42,2014,2014-08-16,2014.62191780822,"Oaxaca",20,"Comunal",-96.36052778,17.37102711,15.1875,1518,2217,59,"Ladera","Noroeste",29.373696,13.768157,24.247449,2.535819,"BM","VSna",2,43.5,31.531212675,1.54933575,10.6872481442206,2.00188229056204,12.8302243782225,2.03653984954772,1087.5,62.5,137.656234637612,3.06681584899462,1.09851622242975,0.563703703703704,1.02612476147678,0.183622733210668,0.547943908955246,0.076795782839839,6,4.5,0.5,0.707106781186548,0,0,0.5
"92","72066","San Miguel Yotao",288,2012,2012-03-20,2012.21584699454,"Oaxaca",20,"Comunal",-96.36266667,17.32247156,13.2624998092651,1238,2375,30,"Lomerio","Sur",83.7668013333333,51.3320392139871,21.334899,4.1158633822099,"BM","VSn",3,34.3333333333333,42.0887158666667,17.5555565414671,13.3777274342573,1.40726452923552,19.5162658336831,4.35167423281974,858.333333333333,433.092882006209,306.768587949719,18.1850374508102,1.28570525188779,0.653596003393345,1.09554098957655,0.0985849569615987,0.601771118895319,0.0370468627980152,7,4.33333333333333,0.666666666666667,1.15470053837925,0,0,0.666666666666667
"93","72072","Santo Domingo Roayaga",514,2013,2013-06-03,2013.41917808219,"Oaxaca",20,"Comunal",-96.08219378,17.31583333,16.0125007629395,2020,1909,30,"Lomerio","Este",255.9063825,28.0995328263607,25.38593725,0.525641888007475,"BM","VSA",4,20.25,16.4644481625,4.54581940432512,10.384165060327,1.63740611140951,12.8011458825915,1.43941105316601,506.25,88.6090429922364,124.279811025756,5.92747227846164,0.948582630346795,0.433470507544582,0.596784977176536,0.253879926644857,0.311446167628992,0.141223290555763,6,3,0.707106781186548,1.4142135623731,0,0,0.25
"94","72077","Santiago Choapam",460,2013,2013-05-06,2013.34246575342,"Oaxaca",20,"Comunal",-95.84527744,17.30475,21.7000007629395,2789,1069,46,"Ladera","Noreste",176.170665,50.3467240755577,23.5734285,3.71209301999134,"BM","VSA",4,23,19.08981970625,1.30109647008591,9.51702906162465,0.496964099747137,11.1293329140015,0.278558406600155,575,109.449379471364,167.212138141797,7.54961261456353,1.83411624365087,0.78404432132964,1.37920600831816,0.203205734712278,0.662590265812751,0.0905375217532698,10,6,0.707106781186548,1.4142135623731,0,0,0.25
"95","72279","Santa Maria Yalina",442,2014,2014-08-17,2014.62465753425,"Oaxaca",20,"Comunal",-96.31711044,17.27908267,13.5874996185303,1237,2346,45,"Ladera","Oeste",118.3339245,54.4101824017397,22.13931075,2.14742289131311,"BM","VSna",4,28.25,37.4088006625,5.73569336925229,10.9099915420228,0.913133287452171,16.6330982976147,1.99072991484258,706.25,32.8744454959573,383.565665362839,21.6396742066069,1.68888663276064,0.780855647891659,1.33649312378431,0.116869254898835,0.697012153038765,0.0410053833182963,8,4.75,0.629152869605896,1.25830573921179,0,0,0.875
"96","72284","Totontepec Villa de Morelos",554,2011,2011-07-14,2011.53150684932,"Oaxaca",20,"Comunal",-96.08227711,17.26913822,13.8249998092651,1478,2485,40,"Ladera","Oeste",220.81136,NA,19.563354,NA,"BM","VSna",1,25,45.3343426,NA,14.24,NA,20.1152468724671,NA,625,NA,339.817923233572,11.7235650222321,1.02477277439806,0.614540466392318,0.666278442414676,NA,0.473372781065089,NA,3,2,NA,NA,0,0,1
"97","72285","Totontepec Villa de Morelos",554,2012,2012-04-05,2012.25956284153,"Oaxaca",20,"Comunal",-96.03527744,17.26722156,14.5625,1742,2191,20,"Lomerio","Este",118.50378875,33.402490225052,16.19655825,0.92695658879856,"BM","VSaa",4,50.5,25.00414361875,3.4903542090085,9.91411007025761,0.548112153825582,11.9505583044257,0.704312498528624,1262.5,137.5,100.266425455077,2.95091106571667,1.75094780485478,0.790951867463974,1.44372830922059,0.188850246751971,0.692840901614362,0.0608599772130104,9,6,0.912870929175277,1.82574185835055,0,0,0.5
"98","72286","Totontepec Villa de Morelos",554,2014,2014-10-12,2014.77808219178,"Oaxaca",20,"Comunal",-95.988583,17.26630556,19.2708339691162,3016,1539,34,"Ladera","Este",207.78757,83.6763,57.9823265,2.4242595,"BM","VSA",2,38,17.8522301625,6.5582961625,11.3239957716702,3.88763213530655,12.7293949529469,4.58010221292381,950,125,77.5144425155133,1.91704624788346,1.46249643813536,0.725248777196829,1.06287580511786,0.288019165020731,0.551218651810293,0.104490690750261,6,5,1,1.4142135623731,0,0,0.5
"99","72711","Santiago Zacatepec",502,2014,2014-10-23,2014.80821917808,"Oaxaca",20,"Comunal",-95.94513856,17.17847156,18.1791667938232,2797,1419,80,"Barranca","Norte",122.48913,NA,36.541557,NA,"BM","VSA",1,22,14.07619595,NA,10.7,NA,12.4339382015352,NA,550,NA,27.7394150952983,1.12118182991948,0.881721481547744,0.489583333333333,0.881721481547744,NA,0.489583333333333,NA,4,4,NA,NA,0,0,0
"100","72714","San Juan Cotzocon",190,2013,2013-05-19,2013.37808219178,"Oaxaca",20,"Comunal",-95.80447222,17.16749933,22.3541660308838,2490,1042,29,"Ladera","Noroeste",94.251105,28.0543047777346,26.254856,3.75178503690032,"BM","VSna",4,18.25,8.45299008125,1.92180659151683,8.86223290598291,0.438274562069335,11.0466385873287,1.14318260449415,456.25,103.266947761614,45.5165503000502,4.52293762685187,1.45830088944756,0.706323888159129,1.09250198164347,0.105788618275556,0.605475473007524,0.0412176804599601,8,4,0.577350269189626,1.15470053837925,0,0,0.125
"101","72923","Santa Maria Tlahuitoltepec",437,2012,2012-08-01,2012.58196721311,"Oaxaca",20,"Comunal",-95.99416633,17.12997156,12.3125,1310,2790,40,"Ladera","Oeste",274.204035,7.58317019009146,16.945376875,2.57412389299548,"BM","VSaa",4,17.5,9.0579838,3.02708499640648,6.30656081723155,0.316828644386826,7.72615603450132,0.567083025147361,437.5,202.715934252836,36.7268518864163,3.34074412739474,1.46678538984457,0.731995277449823,1.01916350637831,0.154287648142539,0.564918638972281,0.0673553810471582,7,3.75,0.629152869605896,1.25830573921179,0,0,0.125
"102","72924","Santiago Atitlan",454,2013,2013-05-09,2013.35068493151,"Oaxaca",20,"Comunal",-95.94688856,17.12527711,16.1625003814697,1748.75,2093,65,"Ladera","Noroeste",64.034105,12.0429110783424,43.15407525,1.78571973077829,"BM","VSA",4,31.5,35.91023371875,3.86048986376313,9.55994555772782,0.146401703503188,11.9214053254287,0.553585027170568,787.5,110.160867220019,335.270913764266,10.4874329661224,1.56340132146908,0.750573501147002,1.22312480117773,0.0823243546116827,0.632972445879706,0.0206282418043917,7,5,0.816496580927726,1.63299316185545,0,0,0.5
"103","73138","Santa Maria Alotepec",394,2013,2013-06-26,2013.48219178082,"Oaxaca",20,"Comunal",-95.85402778,17.08347189,18.4777768452962,1895.66666666667,1620,45,"Ladera","Este",122.078346666667,23.792939895713,56.733759,1.78744906222928,"BM","VSA",3,39,16.1972937333333,3.51536534921023,7.88708708708709,0.554656849590243,10.1086262383206,0.662259350532823,975,28.8675134594813,58.7633685309358,2.14052252032813,2.22544918898776,0.868872817590766,1.83608366644767,0.19149754831822,0.798187629251705,0.0474076948049227,13,8.33333333333333,1.20185042515466,2.08166599946613,0,0,0.5
"104","73766","San Juan Juquila Mixes",200,2011,2011-08-19,2011.6301369863,"Oaxaca",20,"Comunal",-95.90869444,16.94586078,19.8041667938232,1402,1623,70,"Ladera","Noreste",276.361535,70.357125,14.21585335,7.46419065,"BPQ","VSaa",2,15.5,7.4683588,4.867938625,6.54347826086956,0.943478260869565,7.98404411915122,1.54643855604255,387.5,187.5,34.4459420615719,1.50867522372971,1.0229521405593,0.559833506763788,0.993782017300568,0.0884135127381991,0.566310255198488,0.0899397448015123,4,3.5,0.5,0.707106781186548,0,0,0
"105","73770","San Lucas Camotlan",231,2010,2010-07-18,2010.54246575342,"Oaxaca",20,"Comunal",-95.72080489,16.93805522,19.783332824707,1047,1450,50,"Ladera","Norte",194.089255333333,81.6178920706428,24.2957553333333,4.6815930452805,"BPQ","VSA",3,15.6666666666667,3.836679,0.149200484270545,5.37430555555556,0.0955183026543882,5.80370120761018,0.245562632689447,391.666666666667,122.757665522135,7.82126397786427,0.787228504628065,0.511028751454721,0.232684472612042,0.449613573718966,0.294616643641722,0.256164965986395,0.18366473449405,4,2.33333333333333,0.666666666666667,1.15470053837925,0,0,0
"106","73976","San Lucas Camotlan",231,2014,2014-08-04,2014.58904109589,"Oaxaca",20,"Comunal",-95.72327711,16.893833,17.5499992370605,1211,1978,42,"Ladera","Noreste",118.4142925,40.1616625,30.769301,1.602983,"BM","VSna",4,25.75,43.8588916375,10.681785284319,10.7728595992823,0.197908870765896,14.0672824218074,0.662359364129394,643.75,77.9790303008871,395.846222615798,18.0855321272639,1.19461611624631,0.654400887573964,1.05541051965021,0.0992508619033918,0.607931552743343,0.0397139929827154,4,3.5,0.288675134594813,0.577350269189626,0,0,0.75
"107","74189","Santo Domingo Petapa",513,2014,2014-07-31,2014.57808219178,"Oaxaca",20,"Comunal",-95.25730556,16.82808267,21.970832824707,1118,1215,75,"Barranca","Este",263.025666666667,47.4250321332934,25.5426246666667,1.7207280904753,"BM","VSA",3,22,28.140377175,2.87563892098315,11.2156497725796,0.808127342484829,13.2734210403228,0.305807775595703,550,62.9152869605896,172.123111800423,8.97996198310484,1.34052679854533,0.673094582185491,1.24781259940117,0.0580475046373128,0.651632740431687,0.0323846979674797,6,5,0,0,0,0,0.5
